2026-10-06 02:56:32,405 INFO  STATS trades=204 winrate=84% pnl=+2633.37 PF=5.87 bankroll=2733.37
2026-10-06 02:58:56,568 INFO  STATS trades=204 winrate=84% pnl=+2633.37 PF=5.87 bankroll=2733.37
2026-10-06 03:01:02,515 INFO  STATS trades=204 winrate=84% pnl=+2633.37 PF=5.87 bankroll=2733.37
2026-10-06 03:03:03,594 INFO  STATS trades=204 winrate=84% pnl=+2633.37 PF=5.87 bankroll=2733.37
2026-10-06 03:05:09,148 INFO  STATS trades=204 winrate=84% pnl=+2633.37 PF=5.87 bankroll=2733.37
2026-10-06 03:07:09,905 INFO  STATS trades=204 winrate=84% pnl=+2633.37 PF=5.87 bankroll=2733.37
2026-10-06 03:09:14,138 INFO  STATS trades=204 winrate=84% pnl=+2633.37 PF=5.87 bankroll=2733.37
2026-10-06 03:11:16,618 INFO  STATS trades=204 winrate=84% pnl=+2633.37 PF=5.87 bankroll=2733.37
2026-10-06 03:13:35,701 INFO  STATS trades=204 winrate=84% pnl=+2633.37 PF=5.87 bankroll=2733.37
2026-10-06 03:15:46,286 INFO  STATS trades=204 winrate=84% pnl=+2633.37 PF=5.87 bankroll=2733.37
2026-10-06 03:17:47,289 INFO  STATS trades=204 winrate=84% pnl=+2633.37 PF=5.87 bankroll=2733.37
2026-10-06 03:20:01,757 INFO  STATS trades=204 winrate=84% pnl=+2633.37 PF=5.87 bankroll=2733.37
2026-10-06 03:22:02,627 INFO  STATS trades=204 winrate=84% pnl=+2633.37 PF=5.87 bankroll=2733.37
2026-10-06 03:24:14,224 INFO  STATS trades=204 winrate=84% pnl=+2633.37 PF=5.87 bankroll=2733.37
2026-10-06 03:26:18,089 INFO  STATS trades=204 winrate=84% pnl=+2633.37 PF=5.87 bankroll=2733.37
2026-10-06 03:28:44,165 INFO  STATS trades=204 winrate=84% pnl=+2633.37 PF=5.87 bankroll=2733.37
2026-10-06 03:30:53,595 INFO  STATS trades=204 winrate=84% pnl=+2633.37 PF=5.87 bankroll=2733.37
2026-10-06 03:32:55,388 INFO  STATS trades=204 winrate=84% pnl=+2633.37 PF=5.87 bankroll=2733.37
2026-10-06 03:35:09,182 INFO  STATS trades=204 winrate=84% pnl=+2633.37 PF=5.87 bankroll=2733.37
2026-10-06 03:37:09,935 INFO  STATS trades=204 winrate=84% pnl=+2633.37 PF=5.87 bankroll=2733.37
2026-10-06 03:39:23,179 INFO  STATS trades=204 winrate=84% pnl=+2633.37 PF=5.87 bankroll=2733.37
2026-10-06 03:41:28,034 INFO  STATS trades=204 winrate=84% pnl=+2633.37 PF=5.87 bankroll=2733.37
2026-10-06 03:43:59,689 INFO  STATS trades=204 winrate=84% pnl=+2633.37 PF=5.87 bankroll=2733.37
2026-10-06 03:46:07,228 INFO  STATS trades=204 winrate=84% pnl=+2633.37 PF=5.87 bankroll=2733.37
2026-10-06 03:48:10,609 INFO  STATS trades=204 winrate=84% pnl=+2633.37 PF=5.87 bankroll=2733.37
2026-10-06 03:50:22,215 INFO  STATS trades=204 winrate=84% pnl=+2633.37 PF=5.87 bankroll=2733.37
2026-10-06 03:52:23,071 INFO  STATS trades=204 winrate=84% pnl=+2633.37 PF=5.87 bankroll=2733.37
2026-10-06 03:54:28,169 INFO  STATS trades=204 winrate=84% pnl=+2633.37 PF=5.87 bankroll=2733.37
2026-10-06 03:56:31,855 INFO  STATS trades=204 winrate=84% pnl=+2633.37 PF=5.87 bankroll=2733.37
2026-10-06 03:58:52,228 INFO  STATS trades=204 winrate=84% pnl=+2633.37 PF=5.87 bankroll=2733.37
2026-10-06 04:00:58,793 INFO  STATS trades=204 winrate=84% pnl=+2633.37 PF=5.87 bankroll=2733.37
2026-10-06 04:03:01,086 INFO  STATS trades=204 winrate=84% pnl=+2633.37 PF=5.87 bankroll=2733.37
2026-10-06 04:05:13,902 INFO  STATS trades=204 winrate=84% pnl=+2633.37 PF=5.87 bankroll=2733.37
2026-10-06 04:07:14,579 INFO  STATS trades=204 winrate=84% pnl=+2633.37 PF=5.87 bankroll=2733.37
2026-10-06 04:09:28,781 INFO  STATS trades=204 winrate=84% pnl=+2633.37 PF=5.87 bankroll=2733.37
2026-10-06 04:11:31,321 INFO  STATS trades=204 winrate=84% pnl=+2633.37 PF=5.87 bankroll=2733.37
2026-10-06 04:14:06,323 INFO  STATS trades=204 winrate=84% pnl=+2633.37 PF=5.87 bankroll=2733.37
2026-10-06 04:16:13,718 INFO  STATS trades=204 winrate=84% pnl=+2633.37 PF=5.87 bankroll=2733.37
2026-10-06 04:18:17,595 INFO  STATS trades=204 winrate=84% pnl=+2633.37 PF=5.87 bankroll=2733.37
2026-10-06 04:20:28,684 INFO  STATS trades=204 winrate=84% pnl=+2633.37 PF=5.87 bankroll=2733.37
2026-10-06 04:22:29,416 INFO  STATS trades=204 winrate=84% pnl=+2633.37 PF=5.87 bankroll=2733.37
2026-10-06 04:24:43,381 INFO  STATS trades=204 winrate=84% pnl=+2633.37 PF=5.87 bankroll=2733.37
2026-10-06 04:26:47,508 INFO  STATS trades=204 winrate=84% pnl=+2633.37 PF=5.87 bankroll=2733.37
2026-10-06 04:29:07,867 INFO  STATS trades=204 winrate=84% pnl=+2633.37 PF=5.87 bankroll=2733.37
2026-10-06 04:31:12,344 INFO  STATS trades=204 winrate=84% pnl=+2633.37 PF=5.87 bankroll=2733.37
2026-10-06 04:33:16,050 INFO  STATS trades=204 winrate=84% pnl=+2633.37 PF=5.87 bankroll=2733.37
2026-10-06 04:35:27,339 INFO  STATS trades=204 winrate=84% pnl=+2633.37 PF=5.87 bankroll=2733.37
2026-10-06 04:37:28,115 INFO  STATS trades=204 winrate=84% pnl=+2633.37 PF=5.87 bankroll=2733.37
2026-10-06 04:39:42,124 INFO  STATS trades=204 winrate=84% pnl=+2633.37 PF=5.87 bankroll=2733.37
2026-10-06 04:41:46,432 INFO  STATS trades=204 winrate=84% pnl=+2633.37 PF=5.87 bankroll=2733.37
2026-10-06 04:44:06,161 INFO  STATS trades=204 winrate=84% pnl=+2633.37 PF=5.87 bankroll=2733.37
2026-10-06 04:46:10,874 INFO  STATS trades=204 winrate=84% pnl=+2633.37 PF=5.87 bankroll=2733.37
2026-10-06 04:48:14,602 INFO  STATS trades=204 winrate=84% pnl=+2633.37 PF=5.87 bankroll=2733.37
2026-10-06 04:50:25,691 INFO  STATS trades=204 winrate=84% pnl=+2633.37 PF=5.87 bankroll=2733.37
2026-10-06 04:52:26,534 INFO  STATS trades=204 winrate=84% pnl=+2633.37 PF=5.87 bankroll=2733.37
2026-10-06 04:54:31,505 INFO  STATS trades=204 winrate=84% pnl=+2633.37 PF=5.87 bankroll=2733.37
2026-10-06 04:56:32,254 INFO  STATS trades=204 winrate=84% pnl=+2633.37 PF=5.87 bankroll=2733.37
2026-10-06 04:58:33,069 INFO  STATS trades=204 winrate=84% pnl=+2633.37 PF=5.87 bankroll=2733.37
2026-10-06 05:00:37,368 INFO  STATS trades=204 winrate=84% pnl=+2633.37 PF=5.87 bankroll=2733.37
2026-10-06 05:02:38,169 INFO  STATS trades=204 winrate=84% pnl=+2633.37 PF=5.87 bankroll=2733.37
2026-10-06 05:04:43,277 INFO  STATS trades=204 winrate=84% pnl=+2633.37 PF=5.87 bankroll=2733.37
2026-10-06 05:06:44,062 INFO  STATS trades=204 winrate=84% pnl=+2633.37 PF=5.87 bankroll=2733.37
2026-10-06 05:29:14,572 INFO  State loaded: bankroll=2733.37, open=0
2026-10-06 05:29:14,572 INFO  PolyBot started mode=paper assets=['BTC', 'ETH', 'SOL', 'XRP'] bankroll=2733
2026-10-06 05:31:16,953 INFO  STATS trades=204 winrate=84% pnl=+2633.37 PF=5.87 bankroll=2733.37
2026-10-06 05:33:21,352 INFO  STATS trades=204 winrate=84% pnl=+2633.37 PF=5.87 bankroll=2733.37
2026-10-06 05:35:32,085 INFO  STATS trades=204 winrate=84% pnl=+2633.37 PF=5.87 bankroll=2733.37
2026-10-06 05:37:33,040 INFO  STATS trades=204 winrate=84% pnl=+2633.37 PF=5.87 bankroll=2733.37
2026-10-06 12:53:24,547 INFO  State loaded: bankroll=2733.37, open=0
2026-10-06 12:53:24,547 INFO  PolyBot started mode=paper assets=['BTC', 'ETH', 'SOL', 'XRP'] bankroll=2733
2026-10-06 12:54:27,175 ERROR loop error: HTTPSConnectionPool(host='clob.polymarket.com', port=443): Read timed out. (read timeout=10)
2026-10-06 12:55:53,535 INFO  STATS trades=204 winrate=84% pnl=+2633.37 PF=5.87 bankroll=2733.37
2026-10-06 12:58:32,872 INFO  STATS trades=204 winrate=84% pnl=+2633.37 PF=5.87 bankroll=2733.37
2026-10-06 13:00:54,717 INFO  STATS trades=204 winrate=84% pnl=+2633.37 PF=5.87 bankroll=2733.37
2026-10-06 13:02:59,155 INFO  STATS trades=204 winrate=84% pnl=+2633.37 PF=5.87 bankroll=2733.37
2026-10-06 13:05:23,337 INFO  STATS trades=204 winrate=84% pnl=+2633.37 PF=5.87 bankroll=2733.37
2026-10-06 13:07:24,421 INFO  STATS trades=204 winrate=84% pnl=+2633.37 PF=5.87 bankroll=2733.37
2026-10-06 13:09:34,936 INFO  STATS trades=204 winrate=84% pnl=+2633.37 PF=5.87 bankroll=2733.37
2026-10-06 13:11:48,177 INFO  STATS trades=204 winrate=84% pnl=+2633.37 PF=5.87 bankroll=2733.37
2026-10-06 13:14:36,305 INFO  STATS trades=204 winrate=84% pnl=+2633.37 PF=5.87 bankroll=2733.37
2026-10-06 13:16:37,608 INFO  STATS trades=204 winrate=84% pnl=+2633.37 PF=5.87 bankroll=2733.37
2026-10-06 13:18:40,153 INFO  STATS trades=204 winrate=84% pnl=+2633.37 PF=5.87 bankroll=2733.37
2026-10-06 13:20:50,623 INFO  STATS trades=204 winrate=84% pnl=+2633.37 PF=5.87 bankroll=2733.37
2026-10-06 13:22:53,911 INFO  STATS trades=204 winrate=84% pnl=+2633.37 PF=5.87 bankroll=2733.37
2026-10-06 13:25:20,255 INFO  STATS trades=204 winrate=84% pnl=+2633.37 PF=5.87 bankroll=2733.37
2026-10-06 13:27:38,382 INFO  STATS trades=204 winrate=84% pnl=+2633.37 PF=5.87 bankroll=2733.37
2026-10-06 13:30:03,847 INFO  STATS trades=204 winrate=84% pnl=+2633.37 PF=5.87 bankroll=2733.37
2026-10-06 13:32:05,344 INFO  STATS trades=204 winrate=84% pnl=+2633.37 PF=5.87 bankroll=2733.37
2026-10-06 13:34:25,194 INFO  STATS trades=204 winrate=84% pnl=+2633.37 PF=5.87 bankroll=2733.37
2026-10-06 13:36:28,798 INFO  STATS trades=204 winrate=84% pnl=+2633.37 PF=5.87 bankroll=2733.37
2026-10-06 13:38:30,588 INFO  STATS trades=204 winrate=84% pnl=+2633.37 PF=5.87 bankroll=2733.37
2026-10-06 13:40:50,128 INFO  STATS trades=204 winrate=84% pnl=+2633.37 PF=5.87 bankroll=2733.37
2026-10-06 13:44:23,770 INFO  STATS trades=204 winrate=84% pnl=+2633.37 PF=5.87 bankroll=2733.37
2026-10-06 13:46:28,476 INFO  STATS trades=204 winrate=84% pnl=+2633.37 PF=5.87 bankroll=2733.37
2026-10-06 13:48:40,723 INFO  STATS trades=204 winrate=84% pnl=+2633.37 PF=5.87 bankroll=2733.37
2026-10-06 13:50:57,554 INFO  STATS trades=204 winrate=84% pnl=+2633.37 PF=5.87 bankroll=2733.37
2026-10-06 13:52:59,809 INFO  STATS trades=204 winrate=84% pnl=+2633.37 PF=5.87 bankroll=2733.37
2026-10-06 13:55:18,263 INFO  STATS trades=204 winrate=84% pnl=+2633.37 PF=5.87 bankroll=2733.37
2026-10-06 13:57:20,196 INFO  STATS trades=204 winrate=84% pnl=+2633.37 PF=5.87 bankroll=2733.37
2026-10-06 13:59:21,776 INFO  STATS trades=204 winrate=84% pnl=+2633.37 PF=5.87 bankroll=2733.37
2026-10-06 14:01:23,318 INFO  STATS trades=204 winrate=84% pnl=+2633.37 PF=5.87 bankroll=2733.37
2026-10-06 14:03:34,665 INFO  STATS trades=204 winrate=84% pnl=+2633.37 PF=5.87 bankroll=2733.37
2026-10-06 14:05:53,052 INFO  STATS trades=204 winrate=84% pnl=+2633.37 PF=5.87 bankroll=2733.37
2026-10-06 14:07:54,783 INFO  STATS trades=204 winrate=84% pnl=+2633.37 PF=5.87 bankroll=2733.37
2026-10-06 14:10:07,421 INFO  STATS trades=204 winrate=84% pnl=+2633.37 PF=5.87 bankroll=2733.37
2026-10-06 14:12:49,387 INFO  STATS trades=204 winrate=84% pnl=+2633.37 PF=5.87 bankroll=2733.37
2026-10-06 14:13:24,054 INFO  SIGNAL SOL DOWN @ 0.620 заблокирован (NO_LIQUIDITY)
2026-10-06 14:15:30,916 INFO  STATS trades=204 winrate=84% pnl=+2633.37 PF=5.87 bankroll=2733.37
2026-10-06 14:17:32,577 INFO  STATS trades=204 winrate=84% pnl=+2633.37 PF=5.87 bankroll=2733.37
2026-10-06 14:19:53,061 INFO  STATS trades=204 winrate=84% pnl=+2633.37 PF=5.87 bankroll=2733.37
2026-10-06 14:21:54,845 INFO  STATS trades=204 winrate=84% pnl=+2633.37 PF=5.87 bankroll=2733.37
2026-10-06 14:24:05,015 INFO  STATS trades=204 winrate=84% pnl=+2633.37 PF=5.87 bankroll=2733.37
2026-10-06 14:26:14,965 INFO  STATS trades=204 winrate=84% pnl=+2633.37 PF=5.87 bankroll=2733.37
2026-10-06 14:29:44,526 INFO  STATS trades=204 winrate=84% pnl=+2633.37 PF=5.87 bankroll=2733.37
2026-10-06 14:31:46,217 INFO  STATS trades=204 winrate=84% pnl=+2633.37 PF=5.87 bankroll=2733.37
2026-10-06 14:34:06,692 INFO  STATS trades=204 winrate=84% pnl=+2633.37 PF=5.87 bankroll=2733.37
2026-10-06 14:36:15,779 INFO  STATS trades=204 winrate=84% pnl=+2633.37 PF=5.87 bankroll=2733.37
2026-10-06 14:38:17,378 INFO  STATS trades=204 winrate=84% pnl=+2633.37 PF=5.87 bankroll=2733.37
2026-10-06 14:40:37,329 INFO  STATS trades=204 winrate=84% pnl=+2633.37 PF=5.87 bankroll=2733.37
2026-10-06 14:43:48,748 INFO  STATS trades=204 winrate=84% pnl=+2633.37 PF=5.87 bankroll=2733.37
2026-10-06 14:46:12,602 INFO  STATS trades=204 winrate=84% pnl=+2633.37 PF=5.87 bankroll=2733.37
2026-10-06 14:48:14,432 INFO  STATS trades=204 winrate=84% pnl=+2633.37 PF=5.87 bankroll=2733.37
2026-10-06 14:50:29,249 INFO  STATS trades=204 winrate=84% pnl=+2633.37 PF=5.87 bankroll=2733.37
2026-10-06 14:52:30,732 INFO  STATS trades=204 winrate=84% pnl=+2633.37 PF=5.87 bankroll=2733.37
2026-10-06 14:54:58,769 INFO  STATS trades=204 winrate=84% pnl=+2633.37 PF=5.87 bankroll=2733.37
2026-10-06 14:56:31,835 INFO  SIGNAL XRP UP @ 0.550 заблокирован (NO_LIQUIDITY)
2026-10-06 14:57:30,331 INFO  STATS trades=204 winrate=84% pnl=+2633.37 PF=5.87 bankroll=2733.37
2026-10-06 15:00:24,397 INFO  STATS trades=204 winrate=84% pnl=+2633.37 PF=5.87 bankroll=2733.37
2026-10-06 15:02:25,984 INFO  STATS trades=204 winrate=84% pnl=+2633.37 PF=5.87 bankroll=2733.37
2026-10-06 15:04:38,661 INFO  STATS trades=204 winrate=84% pnl=+2633.37 PF=5.87 bankroll=2733.37
2026-10-06 15:06:40,051 INFO  STATS trades=204 winrate=84% pnl=+2633.37 PF=5.87 bankroll=2733.37
2026-10-06 15:08:42,172 INFO  STATS trades=204 winrate=84% pnl=+2633.37 PF=5.87 bankroll=2733.37
2026-10-06 15:10:53,105 INFO  STATS trades=204 winrate=84% pnl=+2633.37 PF=5.87 bankroll=2733.37
2026-10-06 15:11:24,966 INFO  SIGNAL XRP DOWN @ 0.610 заблокирован (NO_LIQUIDITY)
2026-10-06 15:13:15,738 INFO  STATS trades=204 winrate=84% pnl=+2633.37 PF=5.87 bankroll=2733.37
2026-10-06 15:15:39,798 INFO  STATS trades=204 winrate=84% pnl=+2633.37 PF=5.87 bankroll=2733.37
2026-10-06 15:17:41,644 INFO  STATS trades=204 winrate=84% pnl=+2633.37 PF=5.87 bankroll=2733.37
2026-10-06 15:20:03,630 INFO  STATS trades=204 winrate=84% pnl=+2633.37 PF=5.87 bankroll=2733.37
2026-10-06 15:22:05,427 INFO  STATS trades=204 winrate=84% pnl=+2633.37 PF=5.87 bankroll=2733.37
2026-10-06 15:24:33,713 INFO  STATS trades=204 winrate=84% pnl=+2633.37 PF=5.87 bankroll=2733.37
2026-10-06 15:26:52,941 INFO  STATS trades=204 winrate=84% pnl=+2633.37 PF=5.87 bankroll=2733.37
2026-10-06 15:30:06,202 INFO  STATS trades=204 winrate=84% pnl=+2633.37 PF=5.87 bankroll=2733.37
2026-10-06 15:32:07,668 INFO  STATS trades=204 winrate=84% pnl=+2633.37 PF=5.87 bankroll=2733.37
2026-10-06 15:34:27,208 INFO  STATS trades=204 winrate=84% pnl=+2633.37 PF=5.87 bankroll=2733.37
2026-10-06 15:36:29,773 INFO  STATS trades=204 winrate=84% pnl=+2633.37 PF=5.87 bankroll=2733.37
2026-10-06 15:38:31,589 INFO  STATS trades=204 winrate=84% pnl=+2633.37 PF=5.87 bankroll=2733.37
2026-10-06 15:40:53,703 INFO  STATS trades=204 winrate=84% pnl=+2633.37 PF=5.87 bankroll=2733.37
2026-10-06 15:43:49,951 INFO  STATS trades=204 winrate=84% pnl=+2633.37 PF=5.87 bankroll=2733.37
2026-10-06 15:46:06,212 INFO  STATS trades=204 winrate=84% pnl=+2633.37 PF=5.87 bankroll=2733.37
2026-10-06 15:48:08,090 INFO  STATS trades=204 winrate=84% pnl=+2633.37 PF=5.87 bankroll=2733.37
2026-10-06 15:50:22,212 INFO  STATS trades=204 winrate=84% pnl=+2633.37 PF=5.87 bankroll=2733.37
2026-10-06 15:52:23,640 INFO  STATS trades=204 winrate=84% pnl=+2633.37 PF=5.87 bankroll=2733.37
2026-10-06 15:54:42,304 INFO  STATS trades=204 winrate=84% pnl=+2633.37 PF=5.87 bankroll=2733.37
2026-10-06 15:56:44,125 INFO  STATS trades=204 winrate=84% pnl=+2633.37 PF=5.87 bankroll=2733.37
2026-10-06 15:58:45,573 INFO  STATS trades=204 winrate=84% pnl=+2633.37 PF=5.87 bankroll=2733.37
2026-10-06 16:00:47,042 INFO  STATS trades=204 winrate=84% pnl=+2633.37 PF=5.87 bankroll=2733.37
2026-10-06 16:02:48,814 INFO  STATS trades=204 winrate=84% pnl=+2633.37 PF=5.87 bankroll=2733.37
2026-10-06 16:05:06,238 INFO  STATS trades=204 winrate=84% pnl=+2633.37 PF=5.87 bankroll=2733.37
2026-10-06 16:07:07,587 INFO  STATS trades=204 winrate=84% pnl=+2633.37 PF=5.87 bankroll=2733.37
2026-10-06 16:09:17,936 INFO  STATS trades=204 winrate=84% pnl=+2633.37 PF=5.87 bankroll=2733.37
2026-10-06 16:11:26,379 INFO  STATS trades=204 winrate=84% pnl=+2633.37 PF=5.87 bankroll=2733.37
2026-10-06 16:14:37,235 INFO  STATS trades=204 winrate=84% pnl=+2633.37 PF=5.87 bankroll=2733.37
2026-10-06 16:16:38,799 INFO  STATS trades=204 winrate=84% pnl=+2633.37 PF=5.87 bankroll=2733.37
2026-10-06 16:18:56,210 INFO  STATS trades=204 winrate=84% pnl=+2633.37 PF=5.87 bankroll=2733.37
2026-10-06 16:21:08,517 INFO  STATS trades=204 winrate=84% pnl=+2633.37 PF=5.87 bankroll=2733.37
2026-10-06 16:23:10,185 INFO  STATS trades=204 winrate=84% pnl=+2633.37 PF=5.87 bankroll=2733.37
2026-10-06 16:25:28,798 INFO  STATS trades=204 winrate=84% pnl=+2633.37 PF=5.87 bankroll=2733.37
2026-10-06 16:28:16,429 INFO  STATS trades=204 winrate=84% pnl=+2633.37 PF=5.87 bankroll=2733.37
2026-10-06 16:30:42,600 INFO  STATS trades=204 winrate=84% pnl=+2633.37 PF=5.87 bankroll=2733.37
2026-10-06 16:32:43,855 INFO  STATS trades=204 winrate=84% pnl=+2633.37 PF=5.87 bankroll=2733.37
2026-10-06 16:34:57,567 INFO  STATS trades=204 winrate=84% pnl=+2633.37 PF=5.87 bankroll=2733.37
2026-10-06 16:36:58,731 INFO  STATS trades=204 winrate=84% pnl=+2633.37 PF=5.87 bankroll=2733.37
2026-10-06 16:39:13,994 INFO  STATS trades=204 winrate=84% pnl=+2633.37 PF=5.87 bankroll=2733.37
2026-10-06 16:41:25,351 INFO  STATS trades=204 winrate=84% pnl=+2633.37 PF=5.87 bankroll=2733.37
2026-10-06 16:44:55,781 INFO  STATS trades=204 winrate=84% pnl=+2633.37 PF=5.87 bankroll=2733.37
2026-10-06 16:46:57,344 INFO  STATS trades=204 winrate=84% pnl=+2633.37 PF=5.87 bankroll=2733.37
2026-10-06 16:49:25,077 INFO  STATS trades=204 winrate=84% pnl=+2633.37 PF=5.87 bankroll=2733.37
2026-10-06 16:51:28,052 INFO  STATS trades=204 winrate=84% pnl=+2633.37 PF=5.87 bankroll=2733.37
2026-10-06 16:53:37,802 INFO  STATS trades=204 winrate=84% pnl=+2633.37 PF=5.87 bankroll=2733.37
2026-10-06 16:55:54,276 INFO  STATS trades=204 winrate=84% pnl=+2633.37 PF=5.87 bankroll=2733.37
2026-10-06 16:57:55,715 INFO  STATS trades=204 winrate=84% pnl=+2633.37 PF=5.87 bankroll=2733.37
2026-10-06 16:59:56,824 INFO  STATS trades=204 winrate=84% pnl=+2633.37 PF=5.87 bankroll=2733.37
2026-10-06 17:01:58,344 INFO  STATS trades=204 winrate=84% pnl=+2633.37 PF=5.87 bankroll=2733.37
2026-10-06 17:04:26,206 INFO  STATS trades=204 winrate=84% pnl=+2633.37 PF=5.87 bankroll=2733.37
2026-10-06 17:06:28,648 INFO  STATS trades=204 winrate=84% pnl=+2633.37 PF=5.87 bankroll=2733.37
2026-10-06 17:08:30,444 INFO  STATS trades=204 winrate=84% pnl=+2633.37 PF=5.87 bankroll=2733.37
2026-10-06 17:10:41,863 INFO  STATS trades=204 winrate=84% pnl=+2633.37 PF=5.87 bankroll=2733.37
2026-10-06 17:13:08,520 INFO  STATS trades=204 winrate=84% pnl=+2633.37 PF=5.87 bankroll=2733.37
2026-10-06 17:15:39,641 INFO  STATS trades=204 winrate=84% pnl=+2633.37 PF=5.87 bankroll=2733.37
2026-10-06 17:17:41,158 INFO  STATS trades=204 winrate=84% pnl=+2633.37 PF=5.87 bankroll=2733.37
2026-10-06 17:19:52,540 INFO  STATS trades=204 winrate=84% pnl=+2633.37 PF=5.87 bankroll=2733.37
2026-10-06 17:21:53,755 INFO  STATS trades=204 winrate=84% pnl=+2633.37 PF=5.87 bankroll=2733.37
2026-10-06 17:24:19,527 INFO  STATS trades=204 winrate=84% pnl=+2633.37 PF=5.87 bankroll=2733.37
2026-10-06 17:26:29,108 INFO  STATS trades=204 winrate=84% pnl=+2633.37 PF=5.87 bankroll=2733.37
2026-10-06 17:29:45,664 INFO  STATS trades=204 winrate=84% pnl=+2633.37 PF=5.87 bankroll=2733.37
2026-10-06 17:31:46,969 INFO  STATS trades=204 winrate=84% pnl=+2633.37 PF=5.87 bankroll=2733.37
2026-10-06 17:34:08,951 INFO  STATS trades=204 winrate=84% pnl=+2633.37 PF=5.87 bankroll=2733.37
2026-10-06 17:36:17,486 INFO  STATS trades=204 winrate=84% pnl=+2633.37 PF=5.87 bankroll=2733.37
2026-10-06 17:38:19,281 INFO  STATS trades=204 winrate=84% pnl=+2633.37 PF=5.87 bankroll=2733.37
2026-10-06 17:40:35,332 INFO  STATS trades=204 winrate=84% pnl=+2633.37 PF=5.87 bankroll=2733.37
2026-10-06 17:43:03,386 INFO  STATS trades=204 winrate=84% pnl=+2633.37 PF=5.87 bankroll=2733.37
2026-10-06 17:45:29,515 INFO  STATS trades=204 winrate=84% pnl=+2633.37 PF=5.87 bankroll=2733.37
2026-10-06 17:47:31,200 INFO  STATS trades=204 winrate=84% pnl=+2633.37 PF=5.87 bankroll=2733.37
2026-10-06 17:49:42,407 INFO  STATS trades=204 winrate=84% pnl=+2633.37 PF=5.87 bankroll=2733.37
2026-10-06 17:51:43,826 INFO  STATS trades=204 winrate=84% pnl=+2633.37 PF=5.87 bankroll=2733.37
2026-10-06 17:53:46,989 INFO  STATS trades=204 winrate=84% pnl=+2633.37 PF=5.87 bankroll=2733.37
2026-10-06 17:56:07,751 INFO  STATS trades=204 winrate=84% pnl=+2633.37 PF=5.87 bankroll=2733.37
2026-10-06 17:59:41,882 INFO  STATS trades=204 winrate=84% pnl=+2633.37 PF=5.87 bankroll=2733.37
2026-10-06 18:01:43,236 INFO  STATS trades=204 winrate=84% pnl=+2633.37 PF=5.87 bankroll=2733.37
2026-10-06 18:03:46,401 INFO  STATS trades=204 winrate=84% pnl=+2633.37 PF=5.87 bankroll=2733.37
2026-10-06 18:06:05,016 INFO  STATS trades=204 winrate=84% pnl=+2633.37 PF=5.87 bankroll=2733.37
2026-10-06 18:08:07,004 INFO  STATS trades=204 winrate=84% pnl=+2633.37 PF=5.87 bankroll=2733.37
2026-10-06 18:10:18,207 INFO  STATS trades=204 winrate=84% pnl=+2633.37 PF=5.87 bankroll=2733.37
2026-10-06 18:12:56,608 INFO  STATS trades=204 winrate=84% pnl=+2633.37 PF=5.87 bankroll=2733.37
2026-10-06 18:15:30,945 INFO  STATS trades=204 winrate=84% pnl=+2633.37 PF=5.87 bankroll=2733.37
2026-10-06 18:17:32,569 INFO  STATS trades=204 winrate=84% pnl=+2633.37 PF=5.87 bankroll=2733.37
2026-10-06 18:20:01,968 INFO  STATS trades=204 winrate=84% pnl=+2633.37 PF=5.87 bankroll=2733.37
2026-10-06 18:22:03,529 INFO  STATS trades=204 winrate=84% pnl=+2633.37 PF=5.87 bankroll=2733.37
2026-10-06 18:24:11,145 INFO  STATS trades=204 winrate=84% pnl=+2633.37 PF=5.87 bankroll=2733.37
2026-10-06 18:26:17,063 INFO  STATS trades=204 winrate=84% pnl=+2633.37 PF=5.87 bankroll=2733.37
2026-10-06 18:28:59,844 INFO  STATS trades=204 winrate=84% pnl=+2633.37 PF=5.87 bankroll=2733.37
2026-10-06 18:31:07,167 INFO  STATS trades=204 winrate=84% pnl=+2633.37 PF=5.87 bankroll=2733.37
2026-10-06 18:33:08,884 INFO  STATS trades=204 winrate=84% pnl=+2633.37 PF=5.87 bankroll=2733.37
2026-10-06 22:24:57,060 INFO  State loaded: bankroll=2733.37, open=0
2026-10-06 22:24:57,060 INFO  PolyBot started mode=paper assets=['BTC', 'ETH', 'SOL', 'XRP'] bankroll=2733
2026-10-06 22:27:02,287 INFO  STATS trades=204 winrate=84% pnl=+2633.37 PF=5.87 bankroll=2733.37
2026-10-06 22:29:18,849 INFO  STATS trades=204 winrate=84% pnl=+2633.37 PF=5.87 bankroll=2733.37
2026-10-06 22:31:21,369 INFO  STATS trades=204 winrate=84% pnl=+2633.37 PF=5.87 bankroll=2733.37
2026-10-06 22:33:22,262 INFO  STATS trades=204 winrate=84% pnl=+2633.37 PF=5.87 bankroll=2733.37
2026-10-06 22:35:28,380 INFO  STATS trades=204 winrate=84% pnl=+2633.37 PF=5.87 bankroll=2733.37
2026-10-06 22:37:29,244 INFO  STATS trades=204 winrate=84% pnl=+2633.37 PF=5.87 bankroll=2733.37
2026-10-06 22:39:45,952 INFO  STATS trades=204 winrate=84% pnl=+2633.37 PF=5.87 bankroll=2733.37
2026-10-06 22:41:51,100 INFO  STATS trades=204 winrate=84% pnl=+2633.37 PF=5.87 bankroll=2733.37
2026-10-06 22:44:11,279 INFO  STATS trades=204 winrate=84% pnl=+2633.37 PF=5.87 bankroll=2733.37
2026-10-06 22:46:14,639 INFO  STATS trades=204 winrate=84% pnl=+2633.37 PF=5.87 bankroll=2733.37
2026-10-06 22:48:15,693 INFO  STATS trades=204 winrate=84% pnl=+2633.37 PF=5.87 bankroll=2733.37
2026-10-06 22:50:21,522 INFO  STATS trades=204 winrate=84% pnl=+2633.37 PF=5.87 bankroll=2733.37
2026-10-06 22:52:22,310 INFO  STATS trades=204 winrate=84% pnl=+2633.37 PF=5.87 bankroll=2733.37
2026-10-06 22:54:31,664 INFO  STATS trades=204 winrate=84% pnl=+2633.37 PF=5.87 bankroll=2733.37
2026-10-06 22:56:32,509 INFO  STATS trades=204 winrate=84% pnl=+2633.37 PF=5.87 bankroll=2733.37
2026-10-06 22:58:33,286 INFO  STATS trades=204 winrate=84% pnl=+2633.37 PF=5.87 bankroll=2733.37
2026-10-06 23:00:34,106 INFO  STATS trades=204 winrate=84% pnl=+2633.37 PF=5.87 bankroll=2733.37
2026-10-06 23:02:34,786 INFO  STATS trades=204 winrate=84% pnl=+2633.37 PF=5.87 bankroll=2733.37
2026-10-06 23:04:40,830 INFO  STATS trades=204 winrate=84% pnl=+2633.37 PF=5.87 bankroll=2733.37
2026-10-06 23:06:41,819 INFO  STATS trades=204 winrate=84% pnl=+2633.37 PF=5.87 bankroll=2733.37
2026-10-06 23:08:43,085 INFO  STATS trades=204 winrate=84% pnl=+2633.37 PF=5.87 bankroll=2733.37
2026-10-06 23:10:49,097 INFO  STATS trades=204 winrate=84% pnl=+2633.37 PF=5.87 bankroll=2733.37
2026-10-06 23:13:03,754 INFO  STATS trades=204 winrate=84% pnl=+2633.37 PF=5.87 bankroll=2733.37
2026-10-06 23:15:21,467 INFO  STATS trades=204 winrate=84% pnl=+2633.37 PF=5.87 bankroll=2733.37
2026-10-06 23:17:22,488 INFO  STATS trades=204 winrate=84% pnl=+2633.37 PF=5.87 bankroll=2733.37
2026-10-06 23:19:39,154 INFO  STATS trades=204 winrate=84% pnl=+2633.37 PF=5.87 bankroll=2733.37
2026-10-06 23:21:40,091 INFO  STATS trades=204 winrate=84% pnl=+2633.37 PF=5.87 bankroll=2733.37
2026-10-06 23:23:48,512 INFO  STATS trades=204 winrate=84% pnl=+2633.37 PF=5.87 bankroll=2733.37
2026-10-06 23:25:57,652 INFO  STATS trades=204 winrate=84% pnl=+2633.37 PF=5.87 bankroll=2733.37
2026-10-06 23:28:22,372 INFO  STATS trades=204 winrate=84% pnl=+2633.37 PF=5.87 bankroll=2733.37
2026-10-06 23:30:34,085 INFO  STATS trades=204 winrate=84% pnl=+2633.37 PF=5.87 bankroll=2733.37
2026-10-06 23:32:34,933 INFO  STATS trades=204 winrate=84% pnl=+2633.37 PF=5.87 bankroll=2733.37
2026-10-06 23:34:46,724 INFO  STATS trades=204 winrate=84% pnl=+2633.37 PF=5.87 bankroll=2733.37
2026-10-06 23:36:47,492 INFO  STATS trades=204 winrate=84% pnl=+2633.37 PF=5.87 bankroll=2733.37
2026-10-06 23:38:50,162 INFO  STATS trades=204 winrate=84% pnl=+2633.37 PF=5.87 bankroll=2733.37
2026-10-06 23:41:01,185 INFO  STATS trades=204 winrate=84% pnl=+2633.37 PF=5.87 bankroll=2733.37
2026-10-06 23:43:02,120 INFO  STATS trades=204 winrate=84% pnl=+2633.37 PF=5.87 bankroll=2733.37
2026-10-06 23:45:03,046 INFO  STATS trades=204 winrate=84% pnl=+2633.37 PF=5.87 bankroll=2733.37
2026-10-06 23:47:03,899 INFO  STATS trades=204 winrate=84% pnl=+2633.37 PF=5.87 bankroll=2733.37
2026-10-06 23:49:07,604 INFO  STATS trades=204 winrate=84% pnl=+2633.37 PF=5.87 bankroll=2733.37
2026-10-06 23:51:10,993 INFO  STATS trades=204 winrate=84% pnl=+2633.37 PF=5.87 bankroll=2733.37
2026-10-06 23:53:11,982 INFO  STATS trades=204 winrate=84% pnl=+2633.37 PF=5.87 bankroll=2733.37
2026-10-06 23:55:18,090 INFO  STATS trades=204 winrate=84% pnl=+2633.37 PF=5.87 bankroll=2733.37
2026-10-06 23:57:18,873 INFO  STATS trades=204 winrate=84% pnl=+2633.37 PF=5.87 bankroll=2733.37
2026-10-06 23:59:19,718 INFO  STATS trades=204 winrate=84% pnl=+2633.37 PF=5.87 bankroll=2733.37
2026-10-07 00:01:20,482 INFO  STATS trades=204 winrate=84% pnl=+2633.37 PF=5.87 bankroll=2733.37
2026-10-07 00:03:21,624 INFO  STATS trades=204 winrate=84% pnl=+2633.37 PF=5.87 bankroll=2733.37
2026-10-07 00:05:30,936 INFO  STATS trades=204 winrate=84% pnl=+2633.37 PF=5.87 bankroll=2733.37
2026-10-07 00:07:31,849 INFO  STATS trades=204 winrate=84% pnl=+2633.37 PF=5.87 bankroll=2733.37
2026-10-07 00:09:38,339 INFO  STATS trades=204 winrate=84% pnl=+2633.37 PF=5.87 bankroll=2733.37
2026-10-07 00:11:45,080 INFO  STATS trades=204 winrate=84% pnl=+2633.37 PF=5.87 bankroll=2733.37
2026-10-07 00:14:11,140 INFO  STATS trades=204 winrate=84% pnl=+2633.37 PF=5.87 bankroll=2733.37
2026-10-07 00:16:14,061 INFO  STATS trades=204 winrate=84% pnl=+2633.37 PF=5.87 bankroll=2733.37
2026-10-07 00:18:19,131 INFO  STATS trades=204 winrate=84% pnl=+2633.37 PF=5.87 bankroll=2733.37
2026-10-07 00:20:31,940 INFO  STATS trades=204 winrate=84% pnl=+2633.37 PF=5.87 bankroll=2733.37
2026-10-07 00:22:32,761 INFO  STATS trades=204 winrate=84% pnl=+2633.37 PF=5.87 bankroll=2733.37
2026-10-07 00:24:42,025 INFO  STATS trades=204 winrate=84% pnl=+2633.37 PF=5.87 bankroll=2733.37
2026-10-07 00:26:42,884 INFO  STATS trades=204 winrate=84% pnl=+2633.37 PF=5.87 bankroll=2733.37
2026-10-07 00:28:43,850 INFO  STATS trades=204 winrate=84% pnl=+2633.37 PF=5.87 bankroll=2733.37
2026-10-07 00:30:44,934 INFO  STATS trades=204 winrate=84% pnl=+2633.37 PF=5.87 bankroll=2733.37
2026-10-07 00:32:45,857 INFO  STATS trades=204 winrate=84% pnl=+2633.37 PF=5.87 bankroll=2733.37
2026-10-07 00:35:02,245 INFO  STATS trades=204 winrate=84% pnl=+2633.37 PF=5.87 bankroll=2733.37
2026-10-07 00:37:03,101 INFO  STATS trades=204 winrate=84% pnl=+2633.37 PF=5.87 bankroll=2733.37
2026-10-07 00:39:12,441 INFO  STATS trades=204 winrate=84% pnl=+2633.37 PF=5.87 bankroll=2733.37
2026-10-07 00:41:16,583 INFO  STATS trades=204 winrate=84% pnl=+2633.37 PF=5.87 bankroll=2733.37
2026-10-07 00:44:26,769 INFO  STATS trades=204 winrate=84% pnl=+2633.37 PF=5.87 bankroll=2733.37
2026-10-07 00:46:28,621 INFO  STATS trades=204 winrate=84% pnl=+2633.37 PF=5.87 bankroll=2733.37
2026-10-07 00:48:29,692 INFO  STATS trades=204 winrate=84% pnl=+2633.37 PF=5.87 bankroll=2733.37
2026-10-07 00:50:35,944 INFO  STATS trades=204 winrate=84% pnl=+2633.37 PF=5.87 bankroll=2733.37
2026-10-07 00:52:36,743 INFO  STATS trades=204 winrate=84% pnl=+2633.37 PF=5.87 bankroll=2733.37
2026-10-07 00:54:42,685 INFO  STATS trades=204 winrate=84% pnl=+2633.37 PF=5.87 bankroll=2733.37
2026-10-07 00:56:47,329 INFO  STATS trades=204 winrate=84% pnl=+2633.37 PF=5.87 bankroll=2733.37
2026-10-07 00:59:03,876 INFO  STATS trades=204 winrate=84% pnl=+2633.37 PF=5.87 bankroll=2733.37
2026-10-07 01:01:07,575 INFO  STATS trades=204 winrate=84% pnl=+2633.37 PF=5.87 bankroll=2733.37
2026-10-07 01:03:11,612 INFO  STATS trades=204 winrate=84% pnl=+2633.37 PF=5.87 bankroll=2733.37
2026-10-07 01:05:25,523 INFO  STATS trades=204 winrate=84% pnl=+2633.37 PF=5.87 bankroll=2733.37
2026-10-07 01:07:26,613 INFO  STATS trades=204 winrate=84% pnl=+2633.37 PF=5.87 bankroll=2733.37
2026-10-07 01:09:38,291 INFO  STATS trades=204 winrate=84% pnl=+2633.37 PF=5.87 bankroll=2733.37
2026-10-07 01:11:50,280 INFO  STATS trades=204 winrate=84% pnl=+2633.37 PF=5.87 bankroll=2733.37
2026-10-07 01:14:36,244 INFO  STATS trades=204 winrate=84% pnl=+2633.37 PF=5.87 bankroll=2733.37
2026-10-07 01:16:37,024 INFO  STATS trades=204 winrate=84% pnl=+2633.37 PF=5.87 bankroll=2733.37
2026-10-07 01:18:38,200 INFO  STATS trades=204 winrate=84% pnl=+2633.37 PF=5.87 bankroll=2733.37
2026-10-07 01:20:45,126 INFO  STATS trades=204 winrate=84% pnl=+2633.37 PF=5.87 bankroll=2733.37
2026-10-07 01:22:46,140 INFO  STATS trades=204 winrate=84% pnl=+2633.37 PF=5.87 bankroll=2733.37
2026-10-07 01:24:55,271 INFO  STATS trades=204 winrate=84% pnl=+2633.37 PF=5.87 bankroll=2733.37
2026-10-07 01:26:56,058 INFO  STATS trades=204 winrate=84% pnl=+2633.37 PF=5.87 bankroll=2733.37
2026-10-07 01:28:56,921 INFO  STATS trades=204 winrate=84% pnl=+2633.37 PF=5.87 bankroll=2733.37
2026-10-07 01:30:57,730 INFO  STATS trades=204 winrate=84% pnl=+2633.37 PF=5.87 bankroll=2733.37
2026-10-07 01:32:58,762 INFO  STATS trades=204 winrate=84% pnl=+2633.37 PF=5.87 bankroll=2733.37
2026-10-07 01:35:05,198 INFO  STATS trades=204 winrate=84% pnl=+2633.37 PF=5.87 bankroll=2733.37
2026-10-07 01:37:06,035 INFO  STATS trades=204 winrate=84% pnl=+2633.37 PF=5.87 bankroll=2733.37
2026-10-07 01:39:21,544 INFO  STATS trades=204 winrate=84% pnl=+2633.37 PF=5.87 bankroll=2733.37
2026-10-07 01:41:25,795 INFO  STATS trades=204 winrate=84% pnl=+2633.37 PF=5.87 bankroll=2733.37
2026-10-07 01:43:43,385 INFO  STATS trades=204 winrate=84% pnl=+2633.37 PF=5.87 bankroll=2733.37
2026-10-07 01:45:50,264 INFO  STATS trades=204 winrate=84% pnl=+2633.37 PF=5.87 bankroll=2733.37
2026-10-07 01:47:51,400 INFO  STATS trades=204 winrate=84% pnl=+2633.37 PF=5.87 bankroll=2733.37
2026-10-07 01:49:57,257 INFO  STATS trades=204 winrate=84% pnl=+2633.37 PF=5.87 bankroll=2733.37
2026-10-07 01:51:58,280 INFO  STATS trades=204 winrate=84% pnl=+2633.37 PF=5.87 bankroll=2733.37
2026-10-07 01:54:06,275 INFO  STATS trades=204 winrate=84% pnl=+2633.37 PF=5.87 bankroll=2733.37
2026-10-07 01:56:14,408 INFO  STATS trades=204 winrate=84% pnl=+2633.37 PF=5.87 bankroll=2733.37
2026-10-07 01:58:15,293 INFO  STATS trades=204 winrate=84% pnl=+2633.37 PF=5.87 bankroll=2733.37
2026-10-07 02:00:16,144 INFO  STATS trades=204 winrate=84% pnl=+2633.37 PF=5.87 bankroll=2733.37
2026-10-07 02:02:16,838 INFO  STATS trades=204 winrate=84% pnl=+2633.37 PF=5.87 bankroll=2733.37
2026-10-07 02:04:33,129 INFO  STATS trades=204 winrate=84% pnl=+2633.37 PF=5.87 bankroll=2733.37
2026-10-07 02:06:33,982 INFO  STATS trades=204 winrate=84% pnl=+2633.37 PF=5.87 bankroll=2733.37
2026-10-07 02:08:34,952 INFO  STATS trades=204 winrate=84% pnl=+2633.37 PF=5.87 bankroll=2733.37
2026-10-07 02:08:48,361 INFO  SIGNAL ETH UP @ 0.540 заблокирован (NO_LIQUIDITY)
2026-10-07 02:10:48,964 INFO  STATS trades=204 winrate=84% pnl=+2633.37 PF=5.87 bankroll=2733.37
2026-10-07 02:13:43,695 INFO  STATS trades=204 winrate=84% pnl=+2633.37 PF=5.87 bankroll=2733.37
2026-10-07 02:16:02,438 INFO  STATS trades=204 winrate=84% pnl=+2633.37 PF=5.87 bankroll=2733.37
2026-10-07 02:18:03,521 INFO  STATS trades=204 winrate=84% pnl=+2633.37 PF=5.87 bankroll=2733.37
2026-10-07 02:20:19,761 INFO  STATS trades=204 winrate=84% pnl=+2633.37 PF=5.87 bankroll=2733.37
2026-10-07 02:22:20,600 INFO  STATS trades=204 winrate=84% pnl=+2633.37 PF=5.87 bankroll=2733.37
2026-10-07 02:24:37,466 INFO  STATS trades=204 winrate=84% pnl=+2633.37 PF=5.87 bankroll=2733.37
2026-10-07 02:26:38,288 INFO  STATS trades=204 winrate=84% pnl=+2633.37 PF=5.87 bankroll=2733.37
2026-10-07 02:28:39,048 INFO  STATS trades=204 winrate=84% pnl=+2633.37 PF=5.87 bankroll=2733.37
2026-10-07 02:30:39,929 INFO  STATS trades=204 winrate=84% pnl=+2633.37 PF=5.87 bankroll=2733.37
2026-10-07 02:32:40,802 INFO  STATS trades=204 winrate=84% pnl=+2633.37 PF=5.87 bankroll=2733.37
2026-10-07 02:34:52,381 INFO  STATS trades=204 winrate=84% pnl=+2633.37 PF=5.87 bankroll=2733.37
2026-10-07 02:36:53,274 INFO  STATS trades=204 winrate=84% pnl=+2633.37 PF=5.87 bankroll=2733.37
2026-10-07 02:38:57,302 INFO  STATS trades=204 winrate=84% pnl=+2633.37 PF=5.87 bankroll=2733.37
2026-10-07 02:41:03,802 INFO  STATS trades=204 winrate=84% pnl=+2633.37 PF=5.87 bankroll=2733.37
2026-10-07 02:43:43,830 INFO  STATS trades=204 winrate=84% pnl=+2633.37 PF=5.87 bankroll=2733.37
2026-10-07 02:45:57,658 INFO  STATS trades=204 winrate=84% pnl=+2633.37 PF=5.87 bankroll=2733.37
2026-10-07 02:47:58,651 INFO  STATS trades=204 winrate=84% pnl=+2633.37 PF=5.87 bankroll=2733.37
2026-10-07 02:50:10,498 INFO  STATS trades=204 winrate=84% pnl=+2633.37 PF=5.87 bankroll=2733.37
2026-10-07 02:52:11,256 INFO  STATS trades=204 winrate=84% pnl=+2633.37 PF=5.87 bankroll=2733.37
2026-10-07 02:54:16,343 INFO  STATS trades=204 winrate=84% pnl=+2633.37 PF=5.87 bankroll=2733.37
2026-10-07 02:56:19,774 INFO  STATS trades=204 winrate=84% pnl=+2633.37 PF=5.87 bankroll=2733.37
2026-10-07 02:58:49,063 INFO  STATS trades=204 winrate=84% pnl=+2633.37 PF=5.87 bankroll=2733.37
2026-10-07 03:00:58,645 INFO  STATS trades=204 winrate=84% pnl=+2633.37 PF=5.87 bankroll=2733.37
2026-10-07 03:03:01,463 INFO  STATS trades=204 winrate=84% pnl=+2633.37 PF=5.87 bankroll=2733.37
2026-10-07 03:05:17,076 INFO  STATS trades=204 winrate=84% pnl=+2633.37 PF=5.87 bankroll=2733.37
2026-10-07 03:07:17,887 INFO  STATS trades=204 winrate=84% pnl=+2633.37 PF=5.87 bankroll=2733.37
2026-10-07 03:09:34,522 INFO  STATS trades=204 winrate=84% pnl=+2633.37 PF=5.87 bankroll=2733.37
2026-10-07 03:11:44,182 INFO  STATS trades=204 winrate=84% pnl=+2633.37 PF=5.87 bankroll=2733.37
2026-10-07 03:14:32,059 INFO  STATS trades=204 winrate=84% pnl=+2633.37 PF=5.87 bankroll=2733.37
2026-10-07 03:16:32,909 INFO  STATS trades=204 winrate=84% pnl=+2633.37 PF=5.87 bankroll=2733.37
2026-10-07 03:18:33,920 INFO  STATS trades=204 winrate=84% pnl=+2633.37 PF=5.87 bankroll=2733.37
2026-10-07 03:20:47,451 INFO  STATS trades=204 winrate=84% pnl=+2633.37 PF=5.87 bankroll=2733.37
2026-10-07 03:22:48,652 INFO  STATS trades=204 winrate=84% pnl=+2633.37 PF=5.87 bankroll=2733.37
2026-10-07 03:24:56,304 INFO  STATS trades=204 winrate=84% pnl=+2633.37 PF=5.87 bankroll=2733.37
2026-10-07 03:27:14,248 INFO  STATS trades=204 winrate=84% pnl=+2633.37 PF=5.87 bankroll=2733.37
2026-10-07 03:29:39,502 INFO  STATS trades=204 winrate=84% pnl=+2633.37 PF=5.87 bankroll=2733.37
2026-10-07 03:31:40,453 INFO  STATS trades=204 winrate=84% pnl=+2633.37 PF=5.87 bankroll=2733.37
2026-10-07 03:33:43,314 INFO  STATS trades=204 winrate=84% pnl=+2633.37 PF=5.87 bankroll=2733.37
2026-10-07 03:35:55,493 INFO  STATS trades=204 winrate=84% pnl=+2633.37 PF=5.87 bankroll=2733.37
2026-10-07 03:37:56,545 INFO  STATS trades=204 winrate=84% pnl=+2633.37 PF=5.87 bankroll=2733.37
2026-10-07 03:40:02,439 INFO  STATS trades=204 winrate=84% pnl=+2633.37 PF=5.87 bankroll=2733.37
2026-10-07 03:42:30,837 INFO  STATS trades=204 winrate=84% pnl=+2633.37 PF=5.87 bankroll=2733.37
2026-10-07 03:45:11,463 INFO  STATS trades=204 winrate=84% pnl=+2633.37 PF=5.87 bankroll=2733.37
2026-10-07 03:47:12,569 INFO  STATS trades=204 winrate=84% pnl=+2633.37 PF=5.87 bankroll=2733.37
2026-10-07 03:49:28,546 INFO  STATS trades=204 winrate=84% pnl=+2633.37 PF=5.87 bankroll=2733.37
2026-10-07 03:51:29,551 INFO  STATS trades=204 winrate=84% pnl=+2633.37 PF=5.87 bankroll=2733.37
2026-10-07 03:53:31,991 INFO  STATS trades=204 winrate=84% pnl=+2633.37 PF=5.87 bankroll=2733.37
2026-10-07 03:55:39,278 INFO  STATS trades=204 winrate=84% pnl=+2633.37 PF=5.87 bankroll=2733.37
2026-10-07 03:57:58,120 INFO  STATS trades=204 winrate=84% pnl=+2633.37 PF=5.87 bankroll=2733.37
2026-10-07 04:00:09,026 INFO  STATS trades=204 winrate=84% pnl=+2633.37 PF=5.87 bankroll=2733.37
2026-10-07 04:02:09,853 INFO  STATS trades=204 winrate=84% pnl=+2633.37 PF=5.87 bankroll=2733.37
2026-10-07 04:04:20,007 INFO  STATS trades=204 winrate=84% pnl=+2633.37 PF=5.87 bankroll=2733.37
2026-10-07 04:42:11,815 INFO  State loaded: bankroll=2733.37, open=0
2026-10-07 04:42:11,815 INFO  PolyBot started mode=paper assets=['BTC', 'ETH', 'SOL', 'XRP'] bankroll=2733
2026-10-07 04:44:55,294 INFO  STATS trades=204 winrate=84% pnl=+2633.37 PF=5.87 bankroll=2733.37
2026-10-07 04:46:56,568 INFO  STATS trades=204 winrate=84% pnl=+2633.37 PF=5.87 bankroll=2733.37
2026-10-07 04:49:12,953 INFO  STATS trades=204 winrate=84% pnl=+2633.37 PF=5.87 bankroll=2733.37
2026-10-07 04:51:17,931 INFO  STATS trades=204 winrate=84% pnl=+2633.37 PF=5.87 bankroll=2733.37
2026-10-07 04:53:19,411 INFO  STATS trades=204 winrate=84% pnl=+2633.37 PF=5.87 bankroll=2733.37
2026-10-07 04:55:27,885 INFO  STATS trades=204 winrate=84% pnl=+2633.37 PF=5.87 bankroll=2733.37
2026-10-07 04:57:44,573 INFO  STATS trades=204 winrate=84% pnl=+2633.37 PF=5.87 bankroll=2733.37
2026-10-07 04:58:26,087 INFO  [PAPER] BUY SOL DOWN @ 0.520 $4.16 (PAPER) conf=0.8 move=-0.106%
2026-10-07 05:00:11,897 INFO  STATS trades=204 winrate=84% pnl=+2633.37 PF=5.87 bankroll=2733.37
2026-10-07 05:01:44,347 INFO  WIN  SOL DOWN pnl=+3.84 bankroll=2737.21
2026-10-07 05:02:13,250 INFO  STATS trades=205 winrate=84% pnl=+2637.21 PF=5.88 bankroll=2737.21
2026-10-07 05:04:27,976 INFO  STATS trades=205 winrate=84% pnl=+2637.21 PF=5.88 bankroll=2737.21
2026-10-07 05:06:29,832 INFO  STATS trades=205 winrate=84% pnl=+2637.21 PF=5.88 bankroll=2737.21
2026-10-07 05:08:37,907 INFO  STATS trades=205 winrate=84% pnl=+2637.21 PF=5.88 bankroll=2737.21
2026-10-07 05:10:50,496 INFO  STATS trades=205 winrate=84% pnl=+2637.21 PF=5.88 bankroll=2737.21
2026-10-07 05:13:52,207 INFO  STATS trades=205 winrate=84% pnl=+2637.21 PF=5.88 bankroll=2737.21
2026-10-07 05:16:07,492 INFO  STATS trades=205 winrate=84% pnl=+2637.21 PF=5.88 bankroll=2737.21
2026-10-07 05:18:09,153 INFO  STATS trades=205 winrate=84% pnl=+2637.21 PF=5.88 bankroll=2737.21
2026-10-07 05:20:16,924 INFO  STATS trades=205 winrate=84% pnl=+2637.21 PF=5.88 bankroll=2737.21
2026-10-07 05:22:18,401 INFO  STATS trades=205 winrate=84% pnl=+2637.21 PF=5.88 bankroll=2737.21
2026-10-07 05:24:30,570 INFO  STATS trades=205 winrate=84% pnl=+2637.21 PF=5.88 bankroll=2737.21
2026-10-07 05:26:39,574 INFO  STATS trades=205 winrate=84% pnl=+2637.21 PF=5.88 bankroll=2737.21
2026-10-07 05:29:31,918 INFO  STATS trades=205 winrate=84% pnl=+2637.21 PF=5.88 bankroll=2737.21
2026-10-07 05:31:33,037 INFO  STATS trades=205 winrate=84% pnl=+2637.21 PF=5.88 bankroll=2737.21
2026-10-07 05:33:41,528 INFO  STATS trades=205 winrate=84% pnl=+2637.21 PF=5.88 bankroll=2737.21
2026-10-07 05:35:53,759 INFO  STATS trades=205 winrate=84% pnl=+2637.21 PF=5.88 bankroll=2737.21
2026-10-07 05:37:55,017 INFO  STATS trades=205 winrate=84% pnl=+2637.21 PF=5.88 bankroll=2737.21
2026-10-07 05:40:02,168 INFO  STATS trades=205 winrate=84% pnl=+2637.21 PF=5.88 bankroll=2737.21
2026-10-07 05:42:15,236 INFO  STATS trades=205 winrate=84% pnl=+2637.21 PF=5.88 bankroll=2737.21
2026-10-07 05:44:48,940 INFO  STATS trades=205 winrate=84% pnl=+2637.21 PF=5.88 bankroll=2737.21
2026-10-07 05:46:50,018 INFO  STATS trades=205 winrate=84% pnl=+2637.21 PF=5.88 bankroll=2737.21
2026-10-07 05:48:52,355 INFO  STATS trades=205 winrate=84% pnl=+2637.21 PF=5.88 bankroll=2737.21
2026-10-07 05:50:59,062 INFO  STATS trades=205 winrate=84% pnl=+2637.21 PF=5.88 bankroll=2737.21
2026-10-07 05:53:00,395 INFO  STATS trades=205 winrate=84% pnl=+2637.21 PF=5.88 bankroll=2737.21
2026-10-07 05:55:08,077 INFO  STATS trades=205 winrate=84% pnl=+2637.21 PF=5.88 bankroll=2737.21
2026-10-07 05:57:36,174 INFO  STATS trades=205 winrate=84% pnl=+2637.21 PF=5.88 bankroll=2737.21
2026-10-07 06:00:15,192 INFO  STATS trades=205 winrate=84% pnl=+2637.21 PF=5.88 bankroll=2737.21
2026-10-07 06:02:16,487 INFO  STATS trades=205 winrate=84% pnl=+2637.21 PF=5.88 bankroll=2737.21
2026-10-07 06:04:35,497 INFO  STATS trades=205 winrate=84% pnl=+2637.21 PF=5.88 bankroll=2737.21
2026-10-07 06:06:36,760 INFO  STATS trades=205 winrate=84% pnl=+2637.21 PF=5.88 bankroll=2737.21
2026-10-07 06:08:38,034 INFO  STATS trades=205 winrate=84% pnl=+2637.21 PF=5.88 bankroll=2737.21
2026-10-07 06:10:46,126 INFO  STATS trades=205 winrate=84% pnl=+2637.21 PF=5.88 bankroll=2737.21
2026-10-07 06:13:17,512 INFO  STATS trades=205 winrate=84% pnl=+2637.21 PF=5.88 bankroll=2737.21
2026-10-07 06:15:40,495 INFO  STATS trades=205 winrate=84% pnl=+2637.21 PF=5.88 bankroll=2737.21
2026-10-07 06:17:41,625 INFO  STATS trades=205 winrate=84% pnl=+2637.21 PF=5.88 bankroll=2737.21
2026-10-07 06:19:56,587 INFO  STATS trades=205 winrate=84% pnl=+2637.21 PF=5.88 bankroll=2737.21
2026-10-07 06:21:57,790 INFO  STATS trades=205 winrate=84% pnl=+2637.21 PF=5.88 bankroll=2737.21
2026-10-07 06:24:13,492 INFO  STATS trades=205 winrate=84% pnl=+2637.21 PF=5.88 bankroll=2737.21
2026-10-07 06:26:20,468 INFO  STATS trades=205 winrate=84% pnl=+2637.21 PF=5.88 bankroll=2737.21
2026-10-07 06:29:11,472 INFO  STATS trades=205 winrate=84% pnl=+2637.21 PF=5.88 bankroll=2737.21
2026-10-07 06:31:17,642 INFO  STATS trades=205 winrate=84% pnl=+2637.21 PF=5.88 bankroll=2737.21
2026-10-07 06:33:20,202 INFO  STATS trades=205 winrate=84% pnl=+2637.21 PF=5.88 bankroll=2737.21
2026-10-07 06:35:30,434 INFO  STATS trades=205 winrate=84% pnl=+2637.21 PF=5.88 bankroll=2737.21
2026-10-07 06:37:31,466 INFO  STATS trades=205 winrate=84% pnl=+2637.21 PF=5.88 bankroll=2737.21
2026-10-07 06:39:39,055 INFO  STATS trades=205 winrate=84% pnl=+2637.21 PF=5.88 bankroll=2737.21
2026-10-07 06:41:57,409 INFO  STATS trades=205 winrate=84% pnl=+2637.21 PF=5.88 bankroll=2737.21
2026-10-07 06:45:04,838 INFO  STATS trades=205 winrate=84% pnl=+2637.21 PF=5.88 bankroll=2737.21
2026-10-07 06:47:06,050 INFO  STATS trades=205 winrate=84% pnl=+2637.21 PF=5.88 bankroll=2737.21
2026-10-07 06:49:24,308 INFO  STATS trades=205 winrate=84% pnl=+2637.21 PF=5.88 bankroll=2737.21
2026-10-07 06:51:26,623 INFO  STATS trades=205 winrate=84% pnl=+2637.21 PF=5.88 bankroll=2737.21
2026-10-07 06:53:30,166 INFO  STATS trades=205 winrate=84% pnl=+2637.21 PF=5.88 bankroll=2737.21
2026-10-07 06:55:39,735 INFO  STATS trades=205 winrate=84% pnl=+2637.21 PF=5.88 bankroll=2737.21
2026-10-07 06:58:18,960 INFO  STATS trades=205 winrate=84% pnl=+2637.21 PF=5.88 bankroll=2737.21
2026-10-07 07:00:47,296 INFO  STATS trades=205 winrate=84% pnl=+2637.21 PF=5.88 bankroll=2737.21
2026-10-07 07:02:48,604 INFO  STATS trades=205 winrate=84% pnl=+2637.21 PF=5.88 bankroll=2737.21
2026-10-07 07:04:55,932 INFO  STATS trades=205 winrate=84% pnl=+2637.21 PF=5.88 bankroll=2737.21
2026-10-07 07:06:56,955 INFO  STATS trades=205 winrate=84% pnl=+2637.21 PF=5.88 bankroll=2737.21
2026-10-07 07:09:13,585 INFO  STATS trades=205 winrate=84% pnl=+2637.21 PF=5.88 bankroll=2737.21
2026-10-07 07:11:20,711 INFO  STATS trades=205 winrate=84% pnl=+2637.21 PF=5.88 bankroll=2737.21
2026-10-07 07:13:55,990 INFO  STATS trades=205 winrate=84% pnl=+2637.21 PF=5.88 bankroll=2737.21
2026-10-07 07:16:10,773 INFO  STATS trades=205 winrate=84% pnl=+2637.21 PF=5.88 bankroll=2737.21
2026-10-07 07:18:12,532 INFO  STATS trades=205 winrate=84% pnl=+2637.21 PF=5.88 bankroll=2737.21
2026-10-07 07:20:24,705 INFO  STATS trades=205 winrate=84% pnl=+2637.21 PF=5.88 bankroll=2737.21
2026-10-07 07:22:26,108 INFO  STATS trades=205 winrate=84% pnl=+2637.21 PF=5.88 bankroll=2737.21
2026-10-07 07:24:33,407 INFO  STATS trades=205 winrate=84% pnl=+2637.21 PF=5.88 bankroll=2737.21
2026-10-07 07:26:43,936 INFO  STATS trades=205 winrate=84% pnl=+2637.21 PF=5.88 bankroll=2737.21
2026-10-07 07:29:34,506 INFO  STATS trades=205 winrate=84% pnl=+2637.21 PF=5.88 bankroll=2737.21
2026-10-07 07:31:35,465 INFO  STATS trades=205 winrate=84% pnl=+2637.21 PF=5.88 bankroll=2737.21
2026-10-07 07:33:44,323 INFO  STATS trades=205 winrate=84% pnl=+2637.21 PF=5.88 bankroll=2737.21
2026-10-07 07:35:56,133 INFO  STATS trades=205 winrate=84% pnl=+2637.21 PF=5.88 bankroll=2737.21
2026-10-07 07:37:57,451 INFO  STATS trades=205 winrate=84% pnl=+2637.21 PF=5.88 bankroll=2737.21
2026-10-07 07:40:05,193 INFO  STATS trades=205 winrate=84% pnl=+2637.21 PF=5.88 bankroll=2737.21
2026-10-07 07:42:15,270 INFO  STATS trades=205 winrate=84% pnl=+2637.21 PF=5.88 bankroll=2737.21
2026-10-07 07:44:55,435 INFO  STATS trades=205 winrate=84% pnl=+2637.21 PF=5.88 bankroll=2737.21
2026-10-07 07:46:56,839 INFO  STATS trades=205 winrate=84% pnl=+2637.21 PF=5.88 bankroll=2737.21
2026-10-07 07:49:00,375 INFO  STATS trades=205 winrate=84% pnl=+2637.21 PF=5.88 bankroll=2737.21
2026-10-07 07:51:05,399 INFO  STATS trades=205 winrate=84% pnl=+2637.21 PF=5.88 bankroll=2737.21
2026-10-07 07:53:09,632 INFO  STATS trades=205 winrate=84% pnl=+2637.21 PF=5.88 bankroll=2737.21
2026-10-07 07:55:25,156 INFO  STATS trades=205 winrate=84% pnl=+2637.21 PF=5.88 bankroll=2737.21
2026-10-07 07:58:16,524 INFO  STATS trades=205 winrate=84% pnl=+2637.21 PF=5.88 bankroll=2737.21
2026-10-07 08:00:46,072 INFO  STATS trades=205 winrate=84% pnl=+2637.21 PF=5.88 bankroll=2737.21
2026-10-07 08:02:47,721 INFO  STATS trades=205 winrate=84% pnl=+2637.21 PF=5.88 bankroll=2737.21
2026-10-07 08:04:55,922 INFO  STATS trades=205 winrate=84% pnl=+2637.21 PF=5.88 bankroll=2737.21
2026-10-07 08:06:57,017 INFO  STATS trades=205 winrate=84% pnl=+2637.21 PF=5.88 bankroll=2737.21
2026-10-07 08:09:00,566 INFO  STATS trades=205 winrate=84% pnl=+2637.21 PF=5.88 bankroll=2737.21
2026-10-07 08:11:06,961 INFO  STATS trades=205 winrate=84% pnl=+2637.21 PF=5.88 bankroll=2737.21
2026-10-07 08:13:40,965 INFO  STATS trades=205 winrate=84% pnl=+2637.21 PF=5.88 bankroll=2737.21
2026-10-07 08:15:53,505 INFO  STATS trades=205 winrate=84% pnl=+2637.21 PF=5.88 bankroll=2737.21
2026-10-07 08:17:56,523 INFO  STATS trades=205 winrate=84% pnl=+2637.21 PF=5.88 bankroll=2737.21
2026-10-07 08:20:13,928 INFO  STATS trades=205 winrate=84% pnl=+2637.21 PF=5.88 bankroll=2737.21
2026-10-07 08:22:15,071 INFO  STATS trades=205 winrate=84% pnl=+2637.21 PF=5.88 bankroll=2737.21
2026-10-07 08:24:21,628 INFO  STATS trades=205 winrate=84% pnl=+2637.21 PF=5.88 bankroll=2737.21
2026-10-07 08:26:26,713 INFO  STATS trades=205 winrate=84% pnl=+2637.21 PF=5.88 bankroll=2737.21
2026-10-07 08:29:12,508 INFO  STATS trades=205 winrate=84% pnl=+2637.21 PF=5.88 bankroll=2737.21
2026-10-07 08:31:19,100 INFO  STATS trades=205 winrate=84% pnl=+2637.21 PF=5.88 bankroll=2737.21
2026-10-07 08:33:20,279 INFO  STATS trades=205 winrate=84% pnl=+2637.21 PF=5.88 bankroll=2737.21
2026-10-07 08:35:27,550 INFO  STATS trades=205 winrate=84% pnl=+2637.21 PF=5.88 bankroll=2737.21
2026-10-07 08:37:28,679 INFO  STATS trades=205 winrate=84% pnl=+2637.21 PF=5.88 bankroll=2737.21
2026-10-07 08:39:47,899 INFO  STATS trades=205 winrate=84% pnl=+2637.21 PF=5.88 bankroll=2737.21
2026-10-07 08:42:05,104 INFO  STATS trades=205 winrate=84% pnl=+2637.21 PF=5.88 bankroll=2737.21
2026-10-07 08:44:37,761 INFO  STATS trades=205 winrate=84% pnl=+2637.21 PF=5.88 bankroll=2737.21
2026-10-07 08:46:38,966 INFO  STATS trades=205 winrate=84% pnl=+2637.21 PF=5.88 bankroll=2737.21
2026-10-07 08:48:43,957 INFO  STATS trades=205 winrate=84% pnl=+2637.21 PF=5.88 bankroll=2737.21
2026-10-07 08:50:53,327 INFO  STATS trades=205 winrate=84% pnl=+2637.21 PF=5.88 bankroll=2737.21
2026-10-07 08:52:54,795 INFO  STATS trades=205 winrate=84% pnl=+2637.21 PF=5.88 bankroll=2737.21
2026-10-07 08:55:06,574 INFO  STATS trades=205 winrate=84% pnl=+2637.21 PF=5.88 bankroll=2737.21
2026-10-07 08:57:30,157 INFO  STATS trades=205 winrate=84% pnl=+2637.21 PF=5.88 bankroll=2737.21
2026-10-07 09:00:12,169 INFO  STATS trades=205 winrate=84% pnl=+2637.21 PF=5.88 bankroll=2737.21
2026-10-07 09:02:13,396 INFO  STATS trades=205 winrate=84% pnl=+2637.21 PF=5.88 bankroll=2737.21
2026-10-07 09:04:20,302 INFO  STATS trades=205 winrate=84% pnl=+2637.21 PF=5.88 bankroll=2737.21
2026-10-07 09:06:23,416 INFO  STATS trades=205 winrate=84% pnl=+2637.21 PF=5.88 bankroll=2737.21
2026-10-07 09:08:24,922 INFO  STATS trades=205 winrate=84% pnl=+2637.21 PF=5.88 bankroll=2737.21
2026-10-07 09:10:38,341 INFO  STATS trades=205 winrate=84% pnl=+2637.21 PF=5.88 bankroll=2737.21
2026-10-07 09:13:05,288 INFO  STATS trades=205 winrate=84% pnl=+2637.21 PF=5.88 bankroll=2737.21
2026-10-07 09:15:24,929 INFO  STATS trades=205 winrate=84% pnl=+2637.21 PF=5.88 bankroll=2737.21
2026-10-07 09:17:26,098 INFO  STATS trades=205 winrate=84% pnl=+2637.21 PF=5.88 bankroll=2737.21
2026-10-07 09:19:41,892 INFO  STATS trades=205 winrate=84% pnl=+2637.21 PF=5.88 bankroll=2737.21
2026-10-07 09:21:43,026 INFO  STATS trades=205 winrate=84% pnl=+2637.21 PF=5.88 bankroll=2737.21
2026-10-07 09:23:53,432 INFO  STATS trades=205 winrate=84% pnl=+2637.21 PF=5.88 bankroll=2737.21
2026-10-07 09:26:02,594 INFO  STATS trades=205 winrate=84% pnl=+2637.21 PF=5.88 bankroll=2737.21
2026-10-07 09:28:24,690 INFO  STATS trades=205 winrate=84% pnl=+2637.21 PF=5.88 bankroll=2737.21
2026-10-07 09:30:42,650 INFO  STATS trades=205 winrate=84% pnl=+2637.21 PF=5.88 bankroll=2737.21
2026-10-07 09:32:44,113 INFO  STATS trades=205 winrate=84% pnl=+2637.21 PF=5.88 bankroll=2737.21
2026-10-07 09:35:03,301 INFO  STATS trades=205 winrate=84% pnl=+2637.21 PF=5.88 bankroll=2737.21
2026-10-07 09:37:04,420 INFO  STATS trades=205 winrate=84% pnl=+2637.21 PF=5.88 bankroll=2737.21
2026-10-07 09:39:09,051 INFO  STATS trades=205 winrate=84% pnl=+2637.21 PF=5.88 bankroll=2737.21
2026-10-07 09:41:14,148 INFO  STATS trades=205 winrate=84% pnl=+2637.21 PF=5.88 bankroll=2737.21
2026-10-07 09:44:34,518 INFO  STATS trades=205 winrate=84% pnl=+2637.21 PF=5.88 bankroll=2737.21
2026-10-07 09:46:35,712 INFO  STATS trades=205 winrate=84% pnl=+2637.21 PF=5.88 bankroll=2737.21
2026-10-07 09:48:37,106 INFO  STATS trades=205 winrate=84% pnl=+2637.21 PF=5.88 bankroll=2737.21
2026-10-07 09:50:44,349 INFO  STATS trades=205 winrate=84% pnl=+2637.21 PF=5.88 bankroll=2737.21
2026-10-07 09:52:45,611 INFO  STATS trades=205 winrate=84% pnl=+2637.21 PF=5.88 bankroll=2737.21
2026-10-07 09:55:04,103 INFO  STATS trades=205 winrate=84% pnl=+2637.21 PF=5.88 bankroll=2737.21
2026-10-07 09:57:32,558 INFO  STATS trades=205 winrate=84% pnl=+2637.21 PF=5.88 bankroll=2737.21
2026-10-07 10:00:08,510 INFO  STATS trades=205 winrate=84% pnl=+2637.21 PF=5.88 bankroll=2737.21
2026-10-07 10:02:09,626 INFO  STATS trades=205 winrate=84% pnl=+2637.21 PF=5.88 bankroll=2737.21
2026-10-07 10:04:19,920 INFO  STATS trades=205 winrate=84% pnl=+2637.21 PF=5.88 bankroll=2737.21
2026-10-07 10:06:22,178 INFO  STATS trades=205 winrate=84% pnl=+2637.21 PF=5.88 bankroll=2737.21
2026-10-07 10:08:23,564 INFO  STATS trades=205 winrate=84% pnl=+2637.21 PF=5.88 bankroll=2737.21
2026-10-07 10:10:39,851 INFO  STATS trades=205 winrate=84% pnl=+2637.21 PF=5.88 bankroll=2737.21
2026-10-07 10:13:12,834 INFO  STATS trades=205 winrate=84% pnl=+2637.21 PF=5.88 bankroll=2737.21
2026-10-07 10:15:41,303 INFO  STATS trades=205 winrate=84% pnl=+2637.21 PF=5.88 bankroll=2737.21
2026-10-07 10:17:42,463 INFO  STATS trades=205 winrate=84% pnl=+2637.21 PF=5.88 bankroll=2737.21
2026-10-07 10:20:01,347 INFO  STATS trades=205 winrate=84% pnl=+2637.21 PF=5.88 bankroll=2737.21
2026-10-07 10:22:02,463 INFO  STATS trades=205 winrate=84% pnl=+2637.21 PF=5.88 bankroll=2737.21
2026-10-07 12:47:21,499 INFO  State loaded: bankroll=2737.21, open=0
2026-10-07 12:47:21,499 INFO  PolyBot started mode=paper assets=['BTC', 'ETH', 'SOL', 'XRP'] bankroll=2737
2026-10-07 12:49:25,812 INFO  STATS trades=205 winrate=84% pnl=+2637.21 PF=5.88 bankroll=2737.21
2026-10-07 12:51:27,114 INFO  STATS trades=205 winrate=84% pnl=+2637.21 PF=5.88 bankroll=2737.21
2026-10-07 12:53:28,171 INFO  STATS trades=205 winrate=84% pnl=+2637.21 PF=5.88 bankroll=2737.21
2026-10-07 12:55:33,483 INFO  STATS trades=205 winrate=84% pnl=+2637.21 PF=5.88 bankroll=2737.21
2026-10-07 12:57:43,629 INFO  STATS trades=205 winrate=84% pnl=+2637.21 PF=5.88 bankroll=2737.21
2026-10-07 13:00:08,698 INFO  STATS trades=205 winrate=84% pnl=+2637.21 PF=5.88 bankroll=2737.21
2026-10-07 13:02:09,478 INFO  STATS trades=205 winrate=84% pnl=+2637.21 PF=5.88 bankroll=2737.21
2026-10-07 13:04:19,723 INFO  STATS trades=205 winrate=84% pnl=+2637.21 PF=5.88 bankroll=2737.21
2026-10-07 13:06:22,339 INFO  STATS trades=205 winrate=84% pnl=+2637.21 PF=5.88 bankroll=2737.21
2026-10-07 13:08:23,567 INFO  STATS trades=205 winrate=84% pnl=+2637.21 PF=5.88 bankroll=2737.21
2026-10-07 13:10:37,219 INFO  STATS trades=205 winrate=84% pnl=+2637.21 PF=5.88 bankroll=2737.21
2026-10-07 13:13:03,241 INFO  STATS trades=205 winrate=84% pnl=+2637.21 PF=5.88 bankroll=2737.21
2026-10-07 13:15:33,355 INFO  STATS trades=205 winrate=84% pnl=+2637.21 PF=5.88 bankroll=2737.21
2026-10-07 13:17:34,238 INFO  STATS trades=205 winrate=84% pnl=+2637.21 PF=5.88 bankroll=2737.21
2026-10-07 13:19:49,815 INFO  STATS trades=205 winrate=84% pnl=+2637.21 PF=5.88 bankroll=2737.21
2026-10-07 13:21:50,679 INFO  STATS trades=205 winrate=84% pnl=+2637.21 PF=5.88 bankroll=2737.21
2026-10-07 13:24:00,862 INFO  STATS trades=205 winrate=84% pnl=+2637.21 PF=5.88 bankroll=2737.21
2026-10-07 13:26:07,230 INFO  STATS trades=205 winrate=84% pnl=+2637.21 PF=5.88 bankroll=2737.21
2026-10-07 13:26:21,000 INFO  SIGNAL SOL DOWN @ 0.550 заблокирован (NO_LIQUIDITY)
2026-10-07 13:28:32,215 INFO  STATS trades=205 winrate=84% pnl=+2637.21 PF=5.88 bankroll=2737.21
2026-10-07 13:29:09,033 INFO  SIGNAL XRP UP @ 0.520 заблокирован (NO_LIQUIDITY)
2026-10-07 13:30:46,830 INFO  STATS trades=205 winrate=84% pnl=+2637.21 PF=5.88 bankroll=2737.21
2026-10-07 13:32:48,291 INFO  STATS trades=205 winrate=84% pnl=+2637.21 PF=5.88 bankroll=2737.21
2026-10-07 13:35:01,361 INFO  STATS trades=205 winrate=84% pnl=+2637.21 PF=5.88 bankroll=2737.21
2026-10-07 13:37:02,892 INFO  STATS trades=205 winrate=84% pnl=+2637.21 PF=5.88 bankroll=2737.21
2026-10-07 13:39:16,679 INFO  STATS trades=205 winrate=84% pnl=+2637.21 PF=5.88 bankroll=2737.21
2026-10-07 13:41:25,632 INFO  STATS trades=205 winrate=84% pnl=+2637.21 PF=5.88 bankroll=2737.21
2026-10-07 13:44:34,567 INFO  STATS trades=205 winrate=84% pnl=+2637.21 PF=5.88 bankroll=2737.21
2026-10-07 13:46:35,560 INFO  STATS trades=205 winrate=84% pnl=+2637.21 PF=5.88 bankroll=2737.21
2026-10-07 13:48:36,571 INFO  STATS trades=205 winrate=84% pnl=+2637.21 PF=5.88 bankroll=2737.21
2026-10-07 13:50:48,609 INFO  STATS trades=205 winrate=84% pnl=+2637.21 PF=5.88 bankroll=2737.21
2026-10-07 13:52:49,734 INFO  STATS trades=205 winrate=84% pnl=+2637.21 PF=5.88 bankroll=2737.21
2026-10-07 13:55:04,728 INFO  STATS trades=205 winrate=84% pnl=+2637.21 PF=5.88 bankroll=2737.21
2026-10-07 13:57:30,824 INFO  STATS trades=205 winrate=84% pnl=+2637.21 PF=5.88 bankroll=2737.21
2026-10-07 14:00:15,331 INFO  STATS trades=205 winrate=84% pnl=+2637.21 PF=5.88 bankroll=2737.21
2026-10-07 14:02:16,471 INFO  STATS trades=205 winrate=84% pnl=+2637.21 PF=5.88 bankroll=2737.21
2026-10-07 14:04:32,012 INFO  STATS trades=205 winrate=84% pnl=+2637.21 PF=5.88 bankroll=2737.21
2026-10-07 14:06:32,825 INFO  STATS trades=205 winrate=84% pnl=+2637.21 PF=5.88 bankroll=2737.21
2026-10-07 14:08:39,692 INFO  STATS trades=205 winrate=84% pnl=+2637.21 PF=5.88 bankroll=2737.21
2026-10-07 14:10:49,503 INFO  STATS trades=205 winrate=84% pnl=+2637.21 PF=5.88 bankroll=2737.21
2026-10-07 14:11:31,900 INFO  SIGNAL XRP UP @ 0.590 заблокирован (NO_LIQUIDITY)
2026-10-07 14:11:40,860 INFO  [PAPER] BUY BTC UP @ 0.620 $112.53 (PAPER) conf=0.77 move=+0.123%
2026-10-07 14:13:00,381 INFO  STATS trades=205 winrate=84% pnl=+2637.21 PF=5.88 bankroll=2737.21
2026-10-07 14:15:21,588 INFO  STATS trades=205 winrate=84% pnl=+2637.21 PF=5.88 bankroll=2737.21
2026-10-07 14:16:38,730 INFO  WIN  BTC UP pnl=+68.97 bankroll=2806.18
2026-10-07 14:17:22,739 INFO  STATS trades=206 winrate=84% pnl=+2706.18 PF=6.01 bankroll=2806.18
2026-10-07 14:19:36,099 INFO  STATS trades=206 winrate=84% pnl=+2706.18 PF=6.01 bankroll=2806.18
2026-10-07 14:21:37,060 INFO  STATS trades=206 winrate=84% pnl=+2706.18 PF=6.01 bankroll=2806.18
2026-10-07 14:23:38,436 INFO  STATS trades=206 winrate=84% pnl=+2706.18 PF=6.01 bankroll=2806.18
2026-10-07 14:25:52,397 INFO  STATS trades=206 winrate=84% pnl=+2706.18 PF=6.01 bankroll=2806.18
2026-10-07 14:28:19,714 INFO  STATS trades=206 winrate=84% pnl=+2706.18 PF=6.01 bankroll=2806.18
2026-10-07 14:30:40,321 INFO  STATS trades=206 winrate=84% pnl=+2706.18 PF=6.01 bankroll=2806.18
2026-10-07 14:32:41,408 INFO  STATS trades=206 winrate=84% pnl=+2706.18 PF=6.01 bankroll=2806.18
2026-10-07 14:34:57,187 INFO  STATS trades=206 winrate=84% pnl=+2706.18 PF=6.01 bankroll=2806.18
2026-10-07 14:36:58,104 INFO  STATS trades=206 winrate=84% pnl=+2706.18 PF=6.01 bankroll=2806.18
2026-10-07 14:39:02,940 INFO  STATS trades=206 winrate=84% pnl=+2706.18 PF=6.01 bankroll=2806.18
2026-10-07 14:41:10,533 INFO  STATS trades=206 winrate=84% pnl=+2706.18 PF=6.01 bankroll=2806.18
2026-10-07 14:43:33,625 INFO  STATS trades=206 winrate=84% pnl=+2706.18 PF=6.01 bankroll=2806.18
2026-10-07 14:45:46,763 INFO  STATS trades=206 winrate=84% pnl=+2706.18 PF=6.01 bankroll=2806.18
2026-10-07 14:47:47,912 INFO  STATS trades=206 winrate=84% pnl=+2706.18 PF=6.01 bankroll=2806.18
2026-10-07 14:50:03,057 INFO  STATS trades=206 winrate=84% pnl=+2706.18 PF=6.01 bankroll=2806.18
2026-10-07 14:52:03,853 INFO  STATS trades=206 winrate=84% pnl=+2706.18 PF=6.01 bankroll=2806.18
2026-10-07 14:54:07,528 INFO  STATS trades=206 winrate=84% pnl=+2706.18 PF=6.01 bankroll=2806.18
2026-10-07 14:56:10,454 INFO  STATS trades=206 winrate=84% pnl=+2706.18 PF=6.01 bankroll=2806.18
2026-10-07 14:58:11,476 INFO  STATS trades=206 winrate=84% pnl=+2706.18 PF=6.01 bankroll=2806.18
2026-10-07 15:00:12,227 INFO  STATS trades=206 winrate=84% pnl=+2706.18 PF=6.01 bankroll=2806.18
2026-10-07 15:02:13,142 INFO  STATS trades=206 winrate=84% pnl=+2706.18 PF=6.01 bankroll=2806.18
2026-10-07 15:04:25,402 INFO  STATS trades=206 winrate=84% pnl=+2706.18 PF=6.01 bankroll=2806.18
2026-10-07 15:06:26,880 INFO  STATS trades=206 winrate=84% pnl=+2706.18 PF=6.01 bankroll=2806.18
2026-10-07 15:08:32,661 INFO  STATS trades=206 winrate=84% pnl=+2706.18 PF=6.01 bankroll=2806.18
2026-10-07 15:10:43,094 INFO  STATS trades=206 winrate=84% pnl=+2706.18 PF=6.01 bankroll=2806.18
2026-10-07 15:13:04,163 INFO  STATS trades=206 winrate=84% pnl=+2706.18 PF=6.01 bankroll=2806.18
2026-10-07 15:15:35,225 INFO  STATS trades=206 winrate=84% pnl=+2706.18 PF=6.01 bankroll=2806.18
2026-10-07 15:17:36,245 INFO  STATS trades=206 winrate=84% pnl=+2706.18 PF=6.01 bankroll=2806.18
2026-10-07 15:19:46,202 INFO  STATS trades=206 winrate=84% pnl=+2706.18 PF=6.01 bankroll=2806.18
2026-10-07 15:21:47,252 INFO  STATS trades=206 winrate=84% pnl=+2706.18 PF=6.01 bankroll=2806.18
2026-10-07 15:23:49,197 INFO  STATS trades=206 winrate=84% pnl=+2706.18 PF=6.01 bankroll=2806.18
2026-10-07 15:25:57,152 INFO  STATS trades=206 winrate=84% pnl=+2706.18 PF=6.01 bankroll=2806.18
2026-10-07 15:28:36,037 INFO  STATS trades=206 winrate=84% pnl=+2706.18 PF=6.01 bankroll=2806.18
2026-10-07 15:30:53,313 INFO  STATS trades=206 winrate=84% pnl=+2706.18 PF=6.01 bankroll=2806.18
2026-10-07 15:32:55,344 INFO  STATS trades=206 winrate=84% pnl=+2706.18 PF=6.01 bankroll=2806.18
2026-10-07 15:35:09,527 INFO  STATS trades=206 winrate=84% pnl=+2706.18 PF=6.01 bankroll=2806.18
2026-10-07 15:37:10,369 INFO  STATS trades=206 winrate=84% pnl=+2706.18 PF=6.01 bankroll=2806.18
2026-10-07 15:39:17,138 INFO  STATS trades=206 winrate=84% pnl=+2706.18 PF=6.01 bankroll=2806.18
2026-10-07 15:41:23,895 INFO  STATS trades=206 winrate=84% pnl=+2706.18 PF=6.01 bankroll=2806.18
2026-10-07 15:44:20,696 INFO  STATS trades=206 winrate=84% pnl=+2706.18 PF=6.01 bankroll=2806.18
2026-10-07 15:46:24,498 INFO  STATS trades=206 winrate=84% pnl=+2706.18 PF=6.01 bankroll=2806.18
2026-10-07 15:48:25,522 INFO  STATS trades=206 winrate=84% pnl=+2706.18 PF=6.01 bankroll=2806.18
2026-10-07 15:50:31,013 INFO  STATS trades=206 winrate=84% pnl=+2706.18 PF=6.01 bankroll=2806.18
2026-10-07 15:52:31,834 INFO  STATS trades=206 winrate=84% pnl=+2706.18 PF=6.01 bankroll=2806.18
2026-10-07 15:54:46,276 INFO  STATS trades=206 winrate=84% pnl=+2706.18 PF=6.01 bankroll=2806.18
2026-10-07 15:56:47,177 INFO  STATS trades=206 winrate=84% pnl=+2706.18 PF=6.01 bankroll=2806.18
2026-10-07 15:58:47,940 INFO  STATS trades=206 winrate=84% pnl=+2706.18 PF=6.01 bankroll=2806.18
2026-10-07 16:00:48,827 INFO  STATS trades=206 winrate=84% pnl=+2706.18 PF=6.01 bankroll=2806.18
2026-10-07 16:02:50,077 INFO  STATS trades=206 winrate=84% pnl=+2706.18 PF=6.01 bankroll=2806.18
2026-10-07 16:05:03,418 INFO  STATS trades=206 winrate=84% pnl=+2706.18 PF=6.01 bankroll=2806.18
2026-10-07 16:07:04,282 INFO  STATS trades=206 winrate=84% pnl=+2706.18 PF=6.01 bankroll=2806.18
2026-10-07 16:09:17,913 INFO  STATS trades=206 winrate=84% pnl=+2706.18 PF=6.01 bankroll=2806.18
2026-10-07 16:11:23,262 INFO  STATS trades=206 winrate=84% pnl=+2706.18 PF=6.01 bankroll=2806.18
2026-10-07 16:13:54,590 INFO  STATS trades=206 winrate=84% pnl=+2706.18 PF=6.01 bankroll=2806.18
2026-10-07 16:16:04,561 INFO  STATS trades=206 winrate=84% pnl=+2706.18 PF=6.01 bankroll=2806.18
2026-10-07 16:18:06,287 INFO  STATS trades=206 winrate=84% pnl=+2706.18 PF=6.01 bankroll=2806.18
2026-10-07 16:20:18,083 INFO  STATS trades=206 winrate=84% pnl=+2706.18 PF=6.01 bankroll=2806.18
2026-10-07 16:22:19,053 INFO  STATS trades=206 winrate=84% pnl=+2706.18 PF=6.01 bankroll=2806.18
2026-10-07 16:24:24,880 INFO  STATS trades=206 winrate=84% pnl=+2706.18 PF=6.01 bankroll=2806.18
2026-10-07 16:26:27,808 INFO  STATS trades=206 winrate=84% pnl=+2706.18 PF=6.01 bankroll=2806.18
2026-10-07 16:28:55,962 INFO  STATS trades=206 winrate=84% pnl=+2706.18 PF=6.01 bankroll=2806.18
2026-10-07 16:31:01,174 INFO  STATS trades=206 winrate=84% pnl=+2706.18 PF=6.01 bankroll=2806.18
2026-10-07 16:33:05,214 INFO  STATS trades=206 winrate=84% pnl=+2706.18 PF=6.01 bankroll=2806.18
2026-10-07 16:35:18,442 INFO  STATS trades=206 winrate=84% pnl=+2706.18 PF=6.01 bankroll=2806.18
2026-10-07 16:37:19,169 INFO  STATS trades=206 winrate=84% pnl=+2706.18 PF=6.01 bankroll=2806.18
2026-10-07 16:39:34,567 INFO  STATS trades=206 winrate=84% pnl=+2706.18 PF=6.01 bankroll=2806.18
2026-10-07 16:41:45,578 INFO  STATS trades=206 winrate=84% pnl=+2706.18 PF=6.01 bankroll=2806.18
2026-10-07 16:44:43,400 INFO  STATS trades=206 winrate=84% pnl=+2706.18 PF=6.01 bankroll=2806.18
2026-10-07 16:46:44,246 INFO  STATS trades=206 winrate=84% pnl=+2706.18 PF=6.01 bankroll=2806.18
2026-10-07 16:48:47,722 INFO  STATS trades=206 winrate=84% pnl=+2706.18 PF=6.01 bankroll=2806.18
2026-10-07 16:50:55,373 INFO  STATS trades=206 winrate=84% pnl=+2706.18 PF=6.01 bankroll=2806.18
2026-10-07 16:52:56,345 INFO  STATS trades=206 winrate=84% pnl=+2706.18 PF=6.01 bankroll=2806.18
2026-10-07 16:55:03,578 INFO  STATS trades=206 winrate=84% pnl=+2706.18 PF=6.01 bankroll=2806.18
2026-10-07 16:57:17,398 INFO  STATS trades=206 winrate=84% pnl=+2706.18 PF=6.01 bankroll=2806.18
2026-10-07 16:59:51,111 INFO  STATS trades=206 winrate=84% pnl=+2706.18 PF=6.01 bankroll=2806.18
2026-10-07 17:01:52,065 INFO  STATS trades=206 winrate=84% pnl=+2706.18 PF=6.01 bankroll=2806.18
2026-10-07 17:04:04,266 INFO  STATS trades=206 winrate=84% pnl=+2706.18 PF=6.01 bankroll=2806.18
2026-10-07 17:06:09,731 INFO  STATS trades=206 winrate=84% pnl=+2706.18 PF=6.01 bankroll=2806.18
2026-10-07 17:08:10,753 INFO  STATS trades=206 winrate=84% pnl=+2706.18 PF=6.01 bankroll=2806.18
2026-10-07 17:10:16,720 INFO  STATS trades=206 winrate=84% pnl=+2706.18 PF=6.01 bankroll=2806.18
2026-10-07 17:12:44,248 INFO  STATS trades=206 winrate=84% pnl=+2706.18 PF=6.01 bankroll=2806.18
2026-10-07 17:15:14,995 INFO  STATS trades=206 winrate=84% pnl=+2706.18 PF=6.01 bankroll=2806.18
2026-10-07 17:17:16,040 INFO  STATS trades=206 winrate=84% pnl=+2706.18 PF=6.01 bankroll=2806.18
2026-10-07 17:19:28,946 INFO  STATS trades=206 winrate=84% pnl=+2706.18 PF=6.01 bankroll=2806.18
2026-10-07 17:21:29,760 INFO  STATS trades=206 winrate=84% pnl=+2706.18 PF=6.01 bankroll=2806.18
2026-10-07 17:23:30,594 INFO  STATS trades=206 winrate=84% pnl=+2706.18 PF=6.01 bankroll=2806.18
2026-10-07 17:25:44,161 INFO  STATS trades=206 winrate=84% pnl=+2706.18 PF=6.01 bankroll=2806.18
2026-10-07 17:28:31,678 INFO  STATS trades=206 winrate=84% pnl=+2706.18 PF=6.01 bankroll=2806.18
2026-10-07 17:30:53,583 INFO  STATS trades=206 winrate=84% pnl=+2706.18 PF=6.01 bankroll=2806.18
2026-10-07 17:32:55,203 INFO  STATS trades=206 winrate=84% pnl=+2706.18 PF=6.01 bankroll=2806.18
2026-10-07 17:35:03,473 INFO  STATS trades=206 winrate=84% pnl=+2706.18 PF=6.01 bankroll=2806.18
2026-10-07 17:37:04,288 INFO  STATS trades=206 winrate=84% pnl=+2706.18 PF=6.01 bankroll=2806.18
2026-10-07 17:39:12,576 INFO  STATS trades=206 winrate=84% pnl=+2706.18 PF=6.01 bankroll=2806.18
2026-10-07 17:41:18,487 INFO  STATS trades=206 winrate=84% pnl=+2706.18 PF=6.01 bankroll=2806.18
2026-10-07 17:44:06,578 INFO  STATS trades=206 winrate=84% pnl=+2706.18 PF=6.01 bankroll=2806.18
2026-10-07 17:46:17,238 INFO  STATS trades=206 winrate=84% pnl=+2706.18 PF=6.01 bankroll=2806.18
2026-10-07 17:48:22,124 INFO  STATS trades=206 winrate=84% pnl=+2706.18 PF=6.01 bankroll=2806.18
2026-10-07 17:50:34,003 INFO  STATS trades=206 winrate=84% pnl=+2706.18 PF=6.01 bankroll=2806.18
2026-10-07 17:52:35,017 INFO  STATS trades=206 winrate=84% pnl=+2706.18 PF=6.01 bankroll=2806.18
2026-10-07 17:54:51,052 INFO  STATS trades=206 winrate=84% pnl=+2706.18 PF=6.01 bankroll=2806.18
2026-10-07 17:57:02,746 INFO  STATS trades=206 winrate=84% pnl=+2706.18 PF=6.01 bankroll=2806.18
2026-10-07 17:59:40,549 INFO  STATS trades=206 winrate=84% pnl=+2706.18 PF=6.01 bankroll=2806.18
2026-10-07 18:01:41,524 INFO  STATS trades=206 winrate=84% pnl=+2706.18 PF=6.01 bankroll=2806.18
2026-10-07 18:03:44,351 INFO  STATS trades=206 winrate=84% pnl=+2706.18 PF=6.01 bankroll=2806.18
2026-10-07 18:05:58,231 INFO  STATS trades=206 winrate=84% pnl=+2706.18 PF=6.01 bankroll=2806.18
2026-10-07 18:07:59,260 INFO  STATS trades=206 winrate=84% pnl=+2706.18 PF=6.01 bankroll=2806.18
2026-10-07 18:10:10,808 INFO  STATS trades=206 winrate=84% pnl=+2706.18 PF=6.01 bankroll=2806.18
2026-10-07 18:12:35,814 INFO  STATS trades=206 winrate=84% pnl=+2706.18 PF=6.01 bankroll=2806.18
2026-10-07 18:15:10,498 INFO  STATS trades=206 winrate=84% pnl=+2706.18 PF=6.01 bankroll=2806.18
2026-10-07 18:17:11,381 INFO  STATS trades=206 winrate=84% pnl=+2706.18 PF=6.01 bankroll=2806.18
2026-10-07 18:19:26,604 INFO  STATS trades=206 winrate=84% pnl=+2706.18 PF=6.01 bankroll=2806.18
2026-10-07 18:21:27,886 INFO  STATS trades=206 winrate=84% pnl=+2706.18 PF=6.01 bankroll=2806.18
2026-10-07 18:23:29,015 INFO  STATS trades=206 winrate=84% pnl=+2706.18 PF=6.01 bankroll=2806.18
2026-10-07 18:25:35,170 INFO  STATS trades=206 winrate=84% pnl=+2706.18 PF=6.01 bankroll=2806.18
2026-10-07 22:49:33,578 INFO  State loaded: bankroll=2806.18, open=0
2026-10-07 22:49:33,578 INFO  PolyBot started mode=paper assets=['BTC', 'ETH', 'SOL', 'XRP'] bankroll=2806
2026-10-07 22:51:33,131 INFO  STATS trades=206 winrate=84% pnl=+2706.18 PF=6.01 bankroll=2806.18
2026-10-07 22:53:34,252 INFO  STATS trades=206 winrate=84% pnl=+2706.18 PF=6.01 bankroll=2806.18
2026-10-07 22:55:42,352 INFO  STATS trades=206 winrate=84% pnl=+2706.18 PF=6.01 bankroll=2806.18
2026-10-07 22:57:43,308 INFO  STATS trades=206 winrate=84% pnl=+2706.18 PF=6.01 bankroll=2806.18
2026-10-07 22:59:44,152 INFO  STATS trades=206 winrate=84% pnl=+2706.18 PF=6.01 bankroll=2806.18
2026-10-07 23:01:45,043 INFO  STATS trades=206 winrate=84% pnl=+2706.18 PF=6.01 bankroll=2806.18
2026-10-07 23:03:46,549 INFO  STATS trades=206 winrate=84% pnl=+2706.18 PF=6.01 bankroll=2806.18
2026-10-07 23:05:54,077 INFO  STATS trades=206 winrate=84% pnl=+2706.18 PF=6.01 bankroll=2806.18
2026-10-07 23:07:56,883 INFO  STATS trades=206 winrate=84% pnl=+2706.18 PF=6.01 bankroll=2806.18
2026-10-07 23:10:17,232 INFO  STATS trades=206 winrate=84% pnl=+2706.18 PF=6.01 bankroll=2806.18
2026-10-07 23:12:39,953 INFO  STATS trades=206 winrate=84% pnl=+2706.18 PF=6.01 bankroll=2806.18
2026-10-07 23:15:03,276 INFO  STATS trades=206 winrate=84% pnl=+2706.18 PF=6.01 bankroll=2806.18
2026-10-07 23:17:04,470 INFO  STATS trades=206 winrate=84% pnl=+2706.18 PF=6.01 bankroll=2806.18
2026-10-07 23:19:24,987 INFO  STATS trades=206 winrate=84% pnl=+2706.18 PF=6.01 bankroll=2806.18
2026-10-07 23:21:27,083 INFO  STATS trades=206 winrate=84% pnl=+2706.18 PF=6.01 bankroll=2806.18
2026-10-07 23:23:35,719 INFO  STATS trades=206 winrate=84% pnl=+2706.18 PF=6.01 bankroll=2806.18
2026-10-07 23:25:49,980 INFO  STATS trades=206 winrate=84% pnl=+2706.18 PF=6.01 bankroll=2806.18
2026-10-07 23:27:50,827 INFO  STATS trades=206 winrate=84% pnl=+2706.18 PF=6.01 bankroll=2806.18
2026-10-07 23:29:51,760 INFO  STATS trades=206 winrate=84% pnl=+2706.18 PF=6.01 bankroll=2806.18
2026-10-07 23:31:52,819 INFO  STATS trades=206 winrate=84% pnl=+2706.18 PF=6.01 bankroll=2806.18
2026-10-07 23:33:55,685 INFO  STATS trades=206 winrate=84% pnl=+2706.18 PF=6.01 bankroll=2806.18
2026-10-07 23:36:01,772 INFO  STATS trades=206 winrate=84% pnl=+2706.18 PF=6.01 bankroll=2806.18
2026-10-07 23:38:03,089 INFO  STATS trades=206 winrate=84% pnl=+2706.18 PF=6.01 bankroll=2806.18
2026-10-07 23:40:11,247 INFO  STATS trades=206 winrate=84% pnl=+2706.18 PF=6.01 bankroll=2806.18
2026-10-07 23:42:23,527 INFO  STATS trades=206 winrate=84% pnl=+2706.18 PF=6.01 bankroll=2806.18
2026-10-07 23:44:48,204 INFO  STATS trades=206 winrate=84% pnl=+2706.18 PF=6.01 bankroll=2806.18
2026-10-07 23:46:49,201 INFO  STATS trades=206 winrate=84% pnl=+2706.18 PF=6.01 bankroll=2806.18
2026-10-07 23:48:51,643 INFO  STATS trades=206 winrate=84% pnl=+2706.18 PF=6.01 bankroll=2806.18
2026-10-07 23:50:58,319 INFO  STATS trades=206 winrate=84% pnl=+2706.18 PF=6.01 bankroll=2806.18
2026-10-07 23:52:59,641 INFO  STATS trades=206 winrate=84% pnl=+2706.18 PF=6.01 bankroll=2806.18
2026-10-07 23:55:07,808 INFO  STATS trades=206 winrate=84% pnl=+2706.18 PF=6.01 bankroll=2806.18
2026-10-07 23:57:08,853 INFO  STATS trades=206 winrate=84% pnl=+2706.18 PF=6.01 bankroll=2806.18
2026-10-07 23:59:09,803 INFO  STATS trades=206 winrate=84% pnl=+2706.18 PF=6.01 bankroll=2806.18
2026-10-08 00:01:10,899 INFO  STATS trades=206 winrate=84% pnl=+2706.18 PF=6.01 bankroll=2806.18
2026-10-08 00:03:12,346 INFO  STATS trades=206 winrate=84% pnl=+2706.18 PF=6.01 bankroll=2806.18
2026-10-08 00:05:20,683 INFO  STATS trades=206 winrate=84% pnl=+2706.18 PF=6.01 bankroll=2806.18
2026-10-08 00:07:21,766 INFO  STATS trades=206 winrate=84% pnl=+2706.18 PF=6.01 bankroll=2806.18
2026-10-08 00:09:30,160 INFO  STATS trades=206 winrate=84% pnl=+2706.18 PF=6.01 bankroll=2806.18
2026-10-08 00:11:36,366 INFO  STATS trades=206 winrate=84% pnl=+2706.18 PF=6.01 bankroll=2806.18
2026-10-08 00:14:18,525 INFO  STATS trades=206 winrate=84% pnl=+2706.18 PF=6.01 bankroll=2806.18
2026-10-08 00:16:22,194 INFO  STATS trades=206 winrate=84% pnl=+2706.18 PF=6.01 bankroll=2806.18
2026-10-08 00:18:23,489 INFO  STATS trades=206 winrate=84% pnl=+2706.18 PF=6.01 bankroll=2806.18
2026-10-08 00:20:41,461 INFO  STATS trades=206 winrate=84% pnl=+2706.18 PF=6.01 bankroll=2806.18
2026-10-08 00:22:42,284 INFO  STATS trades=206 winrate=84% pnl=+2706.18 PF=6.01 bankroll=2806.18
2026-10-08 00:24:56,815 INFO  STATS trades=206 winrate=84% pnl=+2706.18 PF=6.01 bankroll=2806.18
2026-10-08 00:26:57,830 INFO  STATS trades=206 winrate=84% pnl=+2706.18 PF=6.01 bankroll=2806.18
2026-10-08 00:28:59,022 INFO  STATS trades=206 winrate=84% pnl=+2706.18 PF=6.01 bankroll=2806.18
2026-10-08 00:31:00,218 INFO  STATS trades=206 winrate=84% pnl=+2706.18 PF=6.01 bankroll=2806.18
2026-10-08 00:33:01,599 INFO  STATS trades=206 winrate=84% pnl=+2706.18 PF=6.01 bankroll=2806.18
2026-10-08 00:35:09,275 INFO  STATS trades=206 winrate=84% pnl=+2706.18 PF=6.01 bankroll=2806.18
2026-10-08 00:37:10,303 INFO  STATS trades=206 winrate=84% pnl=+2706.18 PF=6.01 bankroll=2806.18
2026-10-08 00:39:16,479 INFO  STATS trades=206 winrate=84% pnl=+2706.18 PF=6.01 bankroll=2806.18
2026-10-08 00:41:20,937 INFO  STATS trades=206 winrate=84% pnl=+2706.18 PF=6.01 bankroll=2806.18
2026-10-08 00:44:07,006 INFO  STATS trades=206 winrate=84% pnl=+2706.18 PF=6.01 bankroll=2806.18
2026-10-08 00:46:14,197 INFO  STATS trades=206 winrate=84% pnl=+2706.18 PF=6.01 bankroll=2806.18
2026-10-08 00:48:15,459 INFO  STATS trades=206 winrate=84% pnl=+2706.18 PF=6.01 bankroll=2806.18
2026-10-08 00:50:33,591 INFO  STATS trades=206 winrate=84% pnl=+2706.18 PF=6.01 bankroll=2806.18
2026-10-08 00:52:34,551 INFO  STATS trades=206 winrate=84% pnl=+2706.18 PF=6.01 bankroll=2806.18
2026-10-08 00:54:56,685 INFO  STATS trades=206 winrate=84% pnl=+2706.18 PF=6.01 bankroll=2806.18
2026-10-08 00:57:26,114 INFO  STATS trades=206 winrate=84% pnl=+2706.18 PF=6.01 bankroll=2806.18
2026-10-08 01:00:15,433 INFO  STATS trades=206 winrate=84% pnl=+2706.18 PF=6.01 bankroll=2806.18
2026-10-08 01:02:16,431 INFO  STATS trades=206 winrate=84% pnl=+2706.18 PF=6.01 bankroll=2806.18
2026-10-08 01:04:38,968 INFO  STATS trades=206 winrate=84% pnl=+2706.18 PF=6.01 bankroll=2806.18
2026-10-08 01:06:40,263 INFO  STATS trades=206 winrate=84% pnl=+2706.18 PF=6.01 bankroll=2806.18
2026-10-08 01:08:41,660 INFO  STATS trades=206 winrate=84% pnl=+2706.18 PF=6.01 bankroll=2806.18
2026-10-08 01:10:53,487 INFO  STATS trades=206 winrate=84% pnl=+2706.18 PF=6.01 bankroll=2806.18
2026-10-08 01:13:55,734 INFO  STATS trades=206 winrate=84% pnl=+2706.18 PF=6.01 bankroll=2806.18
2026-10-08 01:16:10,220 INFO  STATS trades=206 winrate=84% pnl=+2706.18 PF=6.01 bankroll=2806.18
2026-10-08 01:18:11,557 INFO  STATS trades=206 winrate=84% pnl=+2706.18 PF=6.01 bankroll=2806.18
2026-10-08 01:20:19,915 INFO  STATS trades=206 winrate=84% pnl=+2706.18 PF=6.01 bankroll=2806.18
2026-10-08 01:22:20,825 INFO  STATS trades=206 winrate=84% pnl=+2706.18 PF=6.01 bankroll=2806.18
2026-10-08 01:24:42,769 INFO  STATS trades=206 winrate=84% pnl=+2706.18 PF=6.01 bankroll=2806.18
2026-10-08 01:27:02,322 INFO  STATS trades=206 winrate=84% pnl=+2706.18 PF=6.01 bankroll=2806.18
2026-10-08 01:29:58,787 INFO  STATS trades=206 winrate=84% pnl=+2706.18 PF=6.01 bankroll=2806.18
2026-10-08 01:31:59,831 INFO  STATS trades=206 winrate=84% pnl=+2706.18 PF=6.01 bankroll=2806.18
2026-10-08 01:34:19,226 INFO  STATS trades=206 winrate=84% pnl=+2706.18 PF=6.01 bankroll=2806.18
2026-10-08 01:36:23,014 INFO  STATS trades=206 winrate=84% pnl=+2706.18 PF=6.01 bankroll=2806.18
2026-10-08 01:38:25,974 INFO  STATS trades=206 winrate=84% pnl=+2706.18 PF=6.01 bankroll=2806.18
2026-10-08 01:40:43,382 INFO  STATS trades=206 winrate=84% pnl=+2706.18 PF=6.01 bankroll=2806.18
2026-10-08 01:43:06,434 INFO  STATS trades=206 winrate=84% pnl=+2706.18 PF=6.01 bankroll=2806.18
2026-10-08 01:45:23,053 INFO  STATS trades=206 winrate=84% pnl=+2706.18 PF=6.01 bankroll=2806.18
2026-10-08 01:47:24,005 INFO  STATS trades=206 winrate=84% pnl=+2706.18 PF=6.01 bankroll=2806.18
2026-10-08 01:49:36,159 INFO  STATS trades=206 winrate=84% pnl=+2706.18 PF=6.01 bankroll=2806.18
2026-10-08 01:51:37,116 INFO  STATS trades=206 winrate=84% pnl=+2706.18 PF=6.01 bankroll=2806.18
2026-10-08 01:53:38,599 INFO  STATS trades=206 winrate=84% pnl=+2706.18 PF=6.01 bankroll=2806.18
2026-10-08 01:55:53,418 INFO  STATS trades=206 winrate=84% pnl=+2706.18 PF=6.01 bankroll=2806.18
2026-10-08 01:58:51,498 INFO  STATS trades=206 winrate=84% pnl=+2706.18 PF=6.01 bankroll=2806.18
2026-10-08 02:01:09,666 INFO  STATS trades=206 winrate=84% pnl=+2706.18 PF=6.01 bankroll=2806.18
2026-10-08 02:03:11,086 INFO  STATS trades=206 winrate=84% pnl=+2706.18 PF=6.01 bankroll=2806.18
2026-10-08 02:05:25,462 INFO  STATS trades=206 winrate=84% pnl=+2706.18 PF=6.01 bankroll=2806.18
2026-10-08 02:07:26,413 INFO  STATS trades=206 winrate=84% pnl=+2706.18 PF=6.01 bankroll=2806.18
2026-10-08 02:09:49,031 INFO  STATS trades=206 winrate=84% pnl=+2706.18 PF=6.01 bankroll=2806.18
2026-10-08 02:12:03,864 INFO  STATS trades=206 winrate=84% pnl=+2706.18 PF=6.01 bankroll=2806.18
2026-10-08 02:14:36,581 INFO  STATS trades=206 winrate=84% pnl=+2706.18 PF=6.01 bankroll=2806.18
2026-10-08 02:16:37,623 INFO  STATS trades=206 winrate=84% pnl=+2706.18 PF=6.01 bankroll=2806.18
2026-10-08 02:18:48,696 INFO  STATS trades=206 winrate=84% pnl=+2706.18 PF=6.01 bankroll=2806.18
2026-10-08 02:21:00,447 INFO  STATS trades=206 winrate=84% pnl=+2706.18 PF=6.01 bankroll=2806.18
2026-10-08 02:23:01,831 INFO  STATS trades=206 winrate=84% pnl=+2706.18 PF=6.01 bankroll=2806.18
2026-10-08 02:25:17,602 INFO  STATS trades=206 winrate=84% pnl=+2706.18 PF=6.01 bankroll=2806.18
2026-10-08 02:27:41,206 INFO  STATS trades=206 winrate=84% pnl=+2706.18 PF=6.01 bankroll=2806.18
2026-10-08 02:30:04,051 INFO  STATS trades=206 winrate=84% pnl=+2706.18 PF=6.01 bankroll=2806.18
2026-10-08 02:32:05,003 INFO  STATS trades=206 winrate=84% pnl=+2706.18 PF=6.01 bankroll=2806.18
2026-10-08 02:34:10,581 INFO  STATS trades=206 winrate=84% pnl=+2706.18 PF=6.01 bankroll=2806.18
2026-10-08 02:36:14,306 INFO  STATS trades=206 winrate=84% pnl=+2706.18 PF=6.01 bankroll=2806.18
2026-10-08 02:38:15,703 INFO  STATS trades=206 winrate=84% pnl=+2706.18 PF=6.01 bankroll=2806.18
2026-10-08 02:40:24,529 INFO  STATS trades=206 winrate=84% pnl=+2706.18 PF=6.01 bankroll=2806.18
2026-10-08 02:42:48,661 INFO  STATS trades=206 winrate=84% pnl=+2706.18 PF=6.01 bankroll=2806.18
2026-10-08 02:45:25,962 INFO  STATS trades=206 winrate=84% pnl=+2706.18 PF=6.01 bankroll=2806.18
2026-10-08 02:47:26,894 INFO  STATS trades=206 winrate=84% pnl=+2706.18 PF=6.01 bankroll=2806.18
2026-10-08 02:49:49,085 INFO  STATS trades=206 winrate=84% pnl=+2706.18 PF=6.01 bankroll=2806.18
2026-10-08 02:51:49,993 INFO  STATS trades=206 winrate=84% pnl=+2706.18 PF=6.01 bankroll=2806.18
2026-10-08 02:54:01,723 INFO  STATS trades=206 winrate=84% pnl=+2706.18 PF=6.01 bankroll=2806.18
2026-10-08 02:56:12,040 INFO  STATS trades=206 winrate=84% pnl=+2706.18 PF=6.01 bankroll=2806.18
2026-10-08 02:59:01,169 INFO  STATS trades=206 winrate=84% pnl=+2706.18 PF=6.01 bankroll=2806.18
2026-10-08 03:01:11,238 INFO  STATS trades=206 winrate=84% pnl=+2706.18 PF=6.01 bankroll=2806.18
2026-10-08 03:03:16,774 INFO  STATS trades=206 winrate=84% pnl=+2706.18 PF=6.01 bankroll=2806.18
2026-10-08 03:05:33,529 INFO  STATS trades=206 winrate=84% pnl=+2706.18 PF=6.01 bankroll=2806.18
2026-10-08 03:07:34,635 INFO  STATS trades=206 winrate=84% pnl=+2706.18 PF=6.01 bankroll=2806.18
2026-10-08 03:09:49,343 INFO  STATS trades=206 winrate=84% pnl=+2706.18 PF=6.01 bankroll=2806.18
2026-10-08 03:12:13,698 INFO  STATS trades=206 winrate=84% pnl=+2706.18 PF=6.01 bankroll=2806.18
2026-10-08 03:15:15,522 INFO  STATS trades=206 winrate=84% pnl=+2706.18 PF=6.01 bankroll=2806.18
2026-10-08 03:17:16,296 INFO  STATS trades=206 winrate=84% pnl=+2706.18 PF=6.01 bankroll=2806.18
2026-10-08 03:19:25,205 INFO  STATS trades=206 winrate=84% pnl=+2706.18 PF=6.01 bankroll=2806.18
2026-10-08 03:21:26,960 INFO  STATS trades=206 winrate=84% pnl=+2706.18 PF=6.01 bankroll=2806.18
2026-10-08 03:23:36,013 INFO  STATS trades=206 winrate=84% pnl=+2706.18 PF=6.01 bankroll=2806.18
2026-10-08 03:25:50,406 INFO  STATS trades=206 winrate=84% pnl=+2706.18 PF=6.01 bankroll=2806.18
2026-10-08 03:28:33,086 INFO  STATS trades=206 winrate=84% pnl=+2706.18 PF=6.01 bankroll=2806.18
2026-10-08 03:30:50,644 INFO  STATS trades=206 winrate=84% pnl=+2706.18 PF=6.01 bankroll=2806.18
2026-10-08 03:32:52,997 INFO  STATS trades=206 winrate=84% pnl=+2706.18 PF=6.01 bankroll=2806.18
2026-10-08 03:35:15,133 INFO  STATS trades=206 winrate=84% pnl=+2706.18 PF=6.01 bankroll=2806.18
2026-10-08 03:37:16,050 INFO  STATS trades=206 winrate=84% pnl=+2706.18 PF=6.01 bankroll=2806.18
2026-10-08 03:39:23,747 INFO  STATS trades=206 winrate=84% pnl=+2706.18 PF=6.01 bankroll=2806.18
2026-10-08 03:41:31,767 INFO  STATS trades=206 winrate=84% pnl=+2706.18 PF=6.01 bankroll=2806.18
2026-10-08 03:44:33,023 INFO  STATS trades=206 winrate=84% pnl=+2706.18 PF=6.01 bankroll=2806.18
2026-10-08 03:46:33,878 INFO  STATS trades=206 winrate=84% pnl=+2706.18 PF=6.01 bankroll=2806.18
2026-10-08 03:48:35,076 INFO  STATS trades=206 winrate=84% pnl=+2706.18 PF=6.01 bankroll=2806.18
2026-10-08 03:50:43,137 INFO  STATS trades=206 winrate=84% pnl=+2706.18 PF=6.01 bankroll=2806.18
2026-10-08 03:52:43,911 INFO  STATS trades=206 winrate=84% pnl=+2706.18 PF=6.01 bankroll=2806.18
2026-10-08 03:55:01,960 INFO  STATS trades=206 winrate=84% pnl=+2706.18 PF=6.01 bankroll=2806.18
2026-10-08 03:57:21,179 INFO  STATS trades=206 winrate=84% pnl=+2706.18 PF=6.01 bankroll=2806.18
2026-10-08 04:00:06,305 INFO  STATS trades=206 winrate=84% pnl=+2706.18 PF=6.01 bankroll=2806.18
2026-10-08 04:02:07,248 INFO  STATS trades=206 winrate=84% pnl=+2706.18 PF=6.01 bankroll=2806.18
2026-10-08 04:04:21,149 INFO  STATS trades=206 winrate=84% pnl=+2706.18 PF=6.01 bankroll=2806.18
2026-10-08 04:06:25,229 INFO  STATS trades=206 winrate=84% pnl=+2706.18 PF=6.01 bankroll=2806.18
2026-10-08 04:08:28,322 INFO  STATS trades=206 winrate=84% pnl=+2706.18 PF=6.01 bankroll=2806.18
2026-10-08 04:10:46,295 INFO  STATS trades=206 winrate=84% pnl=+2706.18 PF=6.01 bankroll=2806.18
2026-10-08 04:13:25,242 INFO  STATS trades=206 winrate=84% pnl=+2706.18 PF=6.01 bankroll=2806.18
2026-10-08 04:15:53,136 INFO  STATS trades=206 winrate=84% pnl=+2706.18 PF=6.01 bankroll=2806.18
2026-10-08 04:17:54,460 INFO  STATS trades=206 winrate=84% pnl=+2706.18 PF=6.01 bankroll=2806.18
2026-10-08 04:20:08,656 INFO  STATS trades=206 winrate=84% pnl=+2706.18 PF=6.01 bankroll=2806.18
2026-10-08 04:22:09,636 INFO  STATS trades=206 winrate=84% pnl=+2706.18 PF=6.01 bankroll=2806.18
2026-10-08 04:24:23,849 INFO  STATS trades=206 winrate=84% pnl=+2706.18 PF=6.01 bankroll=2806.18
2026-10-08 04:26:32,637 INFO  STATS trades=206 winrate=84% pnl=+2706.18 PF=6.01 bankroll=2806.18
2026-10-08 04:52:36,251 INFO  State loaded: bankroll=2806.18, open=0
2026-10-08 04:52:36,252 INFO  PolyBot started mode=paper assets=['BTC', 'ETH', 'SOL', 'XRP'] bankroll=2806
2026-10-08 04:54:53,239 INFO  STATS trades=206 winrate=84% pnl=+2706.18 PF=6.01 bankroll=2806.18
2026-10-08 04:57:20,648 INFO  STATS trades=206 winrate=84% pnl=+2706.18 PF=6.01 bankroll=2806.18
2026-10-08 05:00:11,508 INFO  STATS trades=206 winrate=84% pnl=+2706.18 PF=6.01 bankroll=2806.18
2026-10-08 05:02:12,362 INFO  STATS trades=206 winrate=84% pnl=+2706.18 PF=6.01 bankroll=2806.18
2026-10-08 05:04:26,336 INFO  STATS trades=206 winrate=84% pnl=+2706.18 PF=6.01 bankroll=2806.18
2026-10-08 05:06:28,006 INFO  STATS trades=206 winrate=84% pnl=+2706.18 PF=6.01 bankroll=2806.18
2026-10-08 05:08:36,633 INFO  STATS trades=206 winrate=84% pnl=+2706.18 PF=6.01 bankroll=2806.18
2026-10-08 05:10:51,013 INFO  STATS trades=206 winrate=84% pnl=+2706.18 PF=6.01 bankroll=2806.18
2026-10-08 05:13:45,822 INFO  STATS trades=206 winrate=84% pnl=+2706.18 PF=6.01 bankroll=2806.18
2026-10-08 05:16:08,278 INFO  STATS trades=206 winrate=84% pnl=+2706.18 PF=6.01 bankroll=2806.18
2026-10-08 05:18:13,706 INFO  STATS trades=206 winrate=84% pnl=+2706.18 PF=6.01 bankroll=2806.18
2026-10-08 05:20:30,971 INFO  STATS trades=206 winrate=84% pnl=+2706.18 PF=6.01 bankroll=2806.18
2026-10-08 05:22:31,823 INFO  STATS trades=206 winrate=84% pnl=+2706.18 PF=6.01 bankroll=2806.18
2026-10-08 05:24:52,577 INFO  STATS trades=206 winrate=84% pnl=+2706.18 PF=6.01 bankroll=2806.18
2026-10-08 05:27:18,246 INFO  STATS trades=206 winrate=84% pnl=+2706.18 PF=6.01 bankroll=2806.18
2026-10-08 05:30:10,018 INFO  STATS trades=206 winrate=84% pnl=+2706.18 PF=6.01 bankroll=2806.18
2026-10-08 05:32:10,968 INFO  STATS trades=206 winrate=84% pnl=+2706.18 PF=6.01 bankroll=2806.18
2026-10-08 05:34:21,883 INFO  STATS trades=206 winrate=84% pnl=+2706.18 PF=6.01 bankroll=2806.18
2026-10-08 05:36:25,144 INFO  STATS trades=206 winrate=84% pnl=+2706.18 PF=6.01 bankroll=2806.18
2026-10-08 05:38:33,308 INFO  STATS trades=206 winrate=84% pnl=+2706.18 PF=6.01 bankroll=2806.18
2026-10-08 05:40:47,806 INFO  STATS trades=206 winrate=84% pnl=+2706.18 PF=6.01 bankroll=2806.18
2026-10-08 05:43:19,380 INFO  STATS trades=206 winrate=84% pnl=+2706.18 PF=6.01 bankroll=2806.18
2026-10-08 05:45:47,066 INFO  STATS trades=206 winrate=84% pnl=+2706.18 PF=6.01 bankroll=2806.18
2026-10-08 05:47:48,259 INFO  STATS trades=206 winrate=84% pnl=+2706.18 PF=6.01 bankroll=2806.18
2026-10-08 05:49:55,744 INFO  STATS trades=206 winrate=84% pnl=+2706.18 PF=6.01 bankroll=2806.18
2026-10-08 05:51:56,614 INFO  STATS trades=206 winrate=84% pnl=+2706.18 PF=6.01 bankroll=2806.18
2026-10-08 05:54:05,642 INFO  STATS trades=206 winrate=84% pnl=+2706.18 PF=6.01 bankroll=2806.18
2026-10-08 05:56:16,409 INFO  STATS trades=206 winrate=84% pnl=+2706.18 PF=6.01 bankroll=2806.18
2026-10-08 05:59:37,320 INFO  STATS trades=206 winrate=84% pnl=+2706.18 PF=6.01 bankroll=2806.18
2026-10-08 06:01:38,176 INFO  STATS trades=206 winrate=84% pnl=+2706.18 PF=6.01 bankroll=2806.18
2026-10-08 06:03:39,177 INFO  STATS trades=206 winrate=84% pnl=+2706.18 PF=6.01 bankroll=2806.18
2026-10-08 06:05:56,226 INFO  STATS trades=206 winrate=84% pnl=+2706.18 PF=6.01 bankroll=2806.18
2026-10-08 06:07:57,412 INFO  STATS trades=206 winrate=84% pnl=+2706.18 PF=6.01 bankroll=2806.18
2026-10-08 06:10:04,932 INFO  STATS trades=206 winrate=84% pnl=+2706.18 PF=6.01 bankroll=2806.18
2026-10-08 06:12:37,392 INFO  STATS trades=206 winrate=84% pnl=+2706.18 PF=6.01 bankroll=2806.18
2026-10-08 06:15:27,542 INFO  STATS trades=206 winrate=84% pnl=+2706.18 PF=6.01 bankroll=2806.18
2026-10-08 06:17:28,455 INFO  STATS trades=206 winrate=84% pnl=+2706.18 PF=6.01 bankroll=2806.18
2026-10-08 06:19:37,548 INFO  STATS trades=206 winrate=84% pnl=+2706.18 PF=6.01 bankroll=2806.18
2026-10-08 06:21:38,520 INFO  STATS trades=206 winrate=84% pnl=+2706.18 PF=6.01 bankroll=2806.18
2026-10-08 06:23:39,794 INFO  STATS trades=206 winrate=84% pnl=+2706.18 PF=6.01 bankroll=2806.18
2026-10-08 06:25:58,294 INFO  STATS trades=206 winrate=84% pnl=+2706.18 PF=6.01 bankroll=2806.18
2026-10-08 06:29:11,614 INFO  STATS trades=206 winrate=84% pnl=+2706.18 PF=6.01 bankroll=2806.18
2026-10-08 06:31:21,118 INFO  STATS trades=206 winrate=84% pnl=+2706.18 PF=6.01 bankroll=2806.18
2026-10-08 06:33:22,226 INFO  STATS trades=206 winrate=84% pnl=+2706.18 PF=6.01 bankroll=2806.18
2026-10-08 06:35:29,879 INFO  STATS trades=206 winrate=84% pnl=+2706.18 PF=6.01 bankroll=2806.18
2026-10-08 06:37:30,780 INFO  STATS trades=206 winrate=84% pnl=+2706.18 PF=6.01 bankroll=2806.18
2026-10-08 06:39:47,575 INFO  STATS trades=206 winrate=84% pnl=+2706.18 PF=6.01 bankroll=2806.18
2026-10-08 06:42:10,259 INFO  STATS trades=206 winrate=84% pnl=+2706.18 PF=6.01 bankroll=2806.18
2026-10-08 06:45:07,778 INFO  STATS trades=206 winrate=84% pnl=+2706.18 PF=6.01 bankroll=2806.18
2026-10-08 06:47:08,847 INFO  STATS trades=206 winrate=84% pnl=+2706.18 PF=6.01 bankroll=2806.18
2026-10-08 06:49:29,913 INFO  STATS trades=206 winrate=84% pnl=+2706.18 PF=6.01 bankroll=2806.18
2026-10-08 06:51:30,795 INFO  STATS trades=206 winrate=84% pnl=+2706.18 PF=6.01 bankroll=2806.18
2026-10-08 06:53:33,875 INFO  STATS trades=206 winrate=84% pnl=+2706.18 PF=6.01 bankroll=2806.18
2026-10-08 06:55:46,811 INFO  STATS trades=206 winrate=84% pnl=+2706.18 PF=6.01 bankroll=2806.18
2026-10-08 06:58:46,344 INFO  STATS trades=206 winrate=84% pnl=+2706.18 PF=6.01 bankroll=2806.18
2026-10-08 07:01:03,905 INFO  STATS trades=206 winrate=84% pnl=+2706.18 PF=6.01 bankroll=2806.18
2026-10-08 07:03:08,603 INFO  STATS trades=206 winrate=84% pnl=+2706.18 PF=6.01 bankroll=2806.18
2026-10-08 07:05:26,327 INFO  STATS trades=206 winrate=84% pnl=+2706.18 PF=6.01 bankroll=2806.18
2026-10-08 07:07:27,244 INFO  STATS trades=206 winrate=84% pnl=+2706.18 PF=6.01 bankroll=2806.18
2026-10-08 07:09:48,312 INFO  STATS trades=206 winrate=84% pnl=+2706.18 PF=6.01 bankroll=2806.18
2026-10-08 07:11:19,145 INFO  SIGNAL SOL UP @ 0.520 заблокирован (NO_LIQUIDITY)
2026-10-08 07:11:19,654 INFO  [PAPER] BUY XRP UP @ 0.510 $56.02 (PAPER) conf=0.758 move=+0.107%
2026-10-08 07:12:01,465 INFO  STATS trades=206 winrate=84% pnl=+2706.18 PF=6.01 bankroll=2806.18
2026-10-08 07:14:43,737 INFO  STATS trades=206 winrate=84% pnl=+2706.18 PF=6.01 bankroll=2806.18
2026-10-08 07:16:44,943 INFO  STATS trades=206 winrate=84% pnl=+2706.18 PF=6.01 bankroll=2806.18
2026-10-08 07:19:00,234 INFO  STATS trades=206 winrate=84% pnl=+2706.18 PF=6.01 bankroll=2806.18
2026-10-08 07:20:10,510 INFO  WIN  XRP UP pnl=+53.82 bankroll=2860.00
2026-10-08 07:21:09,644 INFO  STATS trades=207 winrate=84% pnl=+2760.00 PF=6.11 bankroll=2860.00
2026-10-08 07:23:15,076 INFO  STATS trades=207 winrate=84% pnl=+2760.00 PF=6.11 bankroll=2860.00
2026-10-08 07:25:32,349 INFO  STATS trades=207 winrate=84% pnl=+2760.00 PF=6.11 bankroll=2860.00
2026-10-08 07:28:13,668 INFO  STATS trades=207 winrate=84% pnl=+2760.00 PF=6.11 bankroll=2860.00
2026-10-08 07:30:40,138 INFO  STATS trades=207 winrate=84% pnl=+2760.00 PF=6.11 bankroll=2860.00
2026-10-08 07:32:41,181 INFO  STATS trades=207 winrate=84% pnl=+2760.00 PF=6.11 bankroll=2860.00
2026-10-08 07:34:49,803 INFO  STATS trades=207 winrate=84% pnl=+2760.00 PF=6.11 bankroll=2860.00
2026-10-08 07:36:50,770 INFO  STATS trades=207 winrate=84% pnl=+2760.00 PF=6.11 bankroll=2860.00
2026-10-08 07:39:05,939 INFO  STATS trades=207 winrate=84% pnl=+2760.00 PF=6.11 bankroll=2860.00
2026-10-08 07:41:13,123 INFO  STATS trades=207 winrate=84% pnl=+2760.00 PF=6.11 bankroll=2860.00
2026-10-08 07:41:27,280 INFO  SIGNAL XRP DOWN @ 0.610 заблокирован (NO_LIQUIDITY)
2026-10-08 07:43:39,557 INFO  STATS trades=207 winrate=84% pnl=+2760.00 PF=6.11 bankroll=2860.00
2026-10-08 07:45:56,948 INFO  STATS trades=207 winrate=84% pnl=+2760.00 PF=6.11 bankroll=2860.00
2026-10-08 07:47:58,149 INFO  STATS trades=207 winrate=84% pnl=+2760.00 PF=6.11 bankroll=2860.00
2026-10-08 07:50:06,056 INFO  STATS trades=207 winrate=84% pnl=+2760.00 PF=6.11 bankroll=2860.00
2026-10-08 07:52:07,067 INFO  STATS trades=207 winrate=84% pnl=+2760.00 PF=6.11 bankroll=2860.00
2026-10-08 07:54:28,680 INFO  STATS trades=207 winrate=84% pnl=+2760.00 PF=6.11 bankroll=2860.00
2026-10-08 07:56:36,198 INFO  STATS trades=207 winrate=84% pnl=+2760.00 PF=6.11 bankroll=2860.00
2026-10-08 07:57:56,394 ERROR loop error: HTTPSConnectionPool(host='api.exchange.coinbase.com', port=443): Read timed out. (read timeout=10)
2026-10-08 07:58:07,944 ERROR loop error: HTTPSConnectionPool(host='api.exchange.coinbase.com', port=443): Read timed out. (read timeout=10)
2026-10-08 07:59:47,785 INFO  STATS trades=207 winrate=84% pnl=+2760.00 PF=6.11 bankroll=2860.00
2026-10-08 08:01:48,617 INFO  STATS trades=207 winrate=84% pnl=+2760.00 PF=6.11 bankroll=2860.00
2026-10-08 08:03:54,819 INFO  STATS trades=207 winrate=84% pnl=+2760.00 PF=6.11 bankroll=2860.00
2026-10-08 08:06:04,092 INFO  STATS trades=207 winrate=84% pnl=+2760.00 PF=6.11 bankroll=2860.00
2026-10-08 08:08:05,190 INFO  STATS trades=207 winrate=84% pnl=+2760.00 PF=6.11 bankroll=2860.00
2026-10-08 08:10:13,299 INFO  STATS trades=207 winrate=84% pnl=+2760.00 PF=6.11 bankroll=2860.00
2026-10-08 08:12:32,732 INFO  STATS trades=207 winrate=84% pnl=+2760.00 PF=6.11 bankroll=2860.00
2026-10-08 08:15:04,750 INFO  STATS trades=207 winrate=84% pnl=+2760.00 PF=6.11 bankroll=2860.00
2026-10-08 08:17:05,788 INFO  STATS trades=207 winrate=84% pnl=+2760.00 PF=6.11 bankroll=2860.00
2026-10-08 08:19:21,092 INFO  STATS trades=207 winrate=84% pnl=+2760.00 PF=6.11 bankroll=2860.00
2026-10-08 08:21:23,624 INFO  STATS trades=207 winrate=84% pnl=+2760.00 PF=6.11 bankroll=2860.00
2026-10-08 08:23:24,953 INFO  STATS trades=207 winrate=84% pnl=+2760.00 PF=6.11 bankroll=2860.00
2026-10-08 08:25:41,224 INFO  STATS trades=207 winrate=84% pnl=+2760.00 PF=6.11 bankroll=2860.00
2026-10-08 08:28:02,118 INFO  STATS trades=207 winrate=84% pnl=+2760.00 PF=6.11 bankroll=2860.00
2026-10-08 08:30:19,799 INFO  STATS trades=207 winrate=84% pnl=+2760.00 PF=6.11 bankroll=2860.00
2026-10-08 08:32:20,796 INFO  STATS trades=207 winrate=84% pnl=+2760.00 PF=6.11 bankroll=2860.00
2026-10-08 08:34:42,784 INFO  STATS trades=207 winrate=84% pnl=+2760.00 PF=6.11 bankroll=2860.00
2026-10-08 08:36:43,684 INFO  STATS trades=207 winrate=84% pnl=+2760.00 PF=6.11 bankroll=2860.00
2026-10-08 08:38:53,655 INFO  STATS trades=207 winrate=84% pnl=+2760.00 PF=6.11 bankroll=2860.00
2026-10-08 08:41:03,799 INFO  STATS trades=207 winrate=84% pnl=+2760.00 PF=6.11 bankroll=2860.00
2026-10-08 08:44:13,216 INFO  STATS trades=207 winrate=84% pnl=+2760.00 PF=6.11 bankroll=2860.00
2026-10-08 08:46:18,512 INFO  STATS trades=207 winrate=84% pnl=+2760.00 PF=6.11 bankroll=2860.00
2026-10-08 08:48:25,275 INFO  STATS trades=207 winrate=84% pnl=+2760.00 PF=6.11 bankroll=2860.00
2026-10-08 08:50:40,565 INFO  STATS trades=207 winrate=84% pnl=+2760.00 PF=6.11 bankroll=2860.00
2026-10-08 08:52:41,443 INFO  STATS trades=207 winrate=84% pnl=+2760.00 PF=6.11 bankroll=2860.00
2026-10-08 08:55:03,030 INFO  STATS trades=207 winrate=84% pnl=+2760.00 PF=6.11 bankroll=2860.00
2026-10-08 08:57:19,753 INFO  STATS trades=207 winrate=84% pnl=+2760.00 PF=6.11 bankroll=2860.00
2026-10-08 08:59:50,835 INFO  STATS trades=207 winrate=84% pnl=+2760.00 PF=6.11 bankroll=2860.00
2026-10-08 09:01:51,894 INFO  STATS trades=207 winrate=84% pnl=+2760.00 PF=6.11 bankroll=2860.00
2026-10-08 09:03:58,635 INFO  STATS trades=207 winrate=84% pnl=+2760.00 PF=6.11 bankroll=2860.00
2026-10-08 09:06:11,379 INFO  STATS trades=207 winrate=84% pnl=+2760.00 PF=6.11 bankroll=2860.00
2026-10-08 09:08:17,724 INFO  STATS trades=207 winrate=84% pnl=+2760.00 PF=6.11 bankroll=2860.00
2026-10-08 09:10:34,615 INFO  STATS trades=207 winrate=84% pnl=+2760.00 PF=6.11 bankroll=2860.00
2026-10-08 09:13:16,116 INFO  STATS trades=207 winrate=84% pnl=+2760.00 PF=6.11 bankroll=2860.00
2026-10-08 09:15:41,830 INFO  STATS trades=207 winrate=84% pnl=+2760.00 PF=6.11 bankroll=2860.00
2026-10-08 09:17:42,801 INFO  STATS trades=207 winrate=84% pnl=+2760.00 PF=6.11 bankroll=2860.00
2026-10-08 09:19:59,782 INFO  STATS trades=207 winrate=84% pnl=+2760.00 PF=6.11 bankroll=2860.00
2026-10-08 09:22:00,688 INFO  STATS trades=207 winrate=84% pnl=+2760.00 PF=6.11 bankroll=2860.00
2026-10-08 09:24:19,833 INFO  STATS trades=207 winrate=84% pnl=+2760.00 PF=6.11 bankroll=2860.00
2026-10-08 09:26:18,478 INFO  [PAPER] BUY XRP UP @ 0.540 $21.60 (PAPER) conf=0.761 move=+0.117%
2026-10-08 09:26:25,445 INFO  STATS trades=207 winrate=84% pnl=+2760.00 PF=6.11 bankroll=2860.00
2026-10-08 09:28:43,217 INFO  STATS trades=207 winrate=84% pnl=+2760.00 PF=6.11 bankroll=2860.00
2026-10-08 09:30:51,356 INFO  STATS trades=207 winrate=84% pnl=+2760.00 PF=6.11 bankroll=2860.00
2026-10-08 09:31:38,144 INFO  WIN  XRP UP pnl=+18.40 bankroll=2878.40
2026-10-08 09:32:52,576 INFO  STATS trades=208 winrate=84% pnl=+2778.40 PF=6.14 bankroll=2878.40
2026-10-08 09:35:10,832 INFO  STATS trades=208 winrate=84% pnl=+2778.40 PF=6.14 bankroll=2878.40
2026-10-08 09:37:11,752 INFO  STATS trades=208 winrate=84% pnl=+2778.40 PF=6.14 bankroll=2878.40
2026-10-08 09:39:33,508 INFO  STATS trades=208 winrate=84% pnl=+2778.40 PF=6.14 bankroll=2878.40
2026-10-08 09:41:48,374 INFO  STATS trades=208 winrate=84% pnl=+2778.40 PF=6.14 bankroll=2878.40
2026-10-08 09:44:52,899 INFO  STATS trades=208 winrate=84% pnl=+2778.40 PF=6.14 bankroll=2878.40
2026-10-08 09:46:53,888 INFO  STATS trades=208 winrate=84% pnl=+2778.40 PF=6.14 bankroll=2878.40
2026-10-08 09:48:57,042 INFO  STATS trades=208 winrate=84% pnl=+2778.40 PF=6.14 bankroll=2878.40
2026-10-08 09:51:02,815 INFO  STATS trades=208 winrate=84% pnl=+2778.40 PF=6.14 bankroll=2878.40
2026-10-08 09:53:03,907 INFO  STATS trades=208 winrate=84% pnl=+2778.40 PF=6.14 bankroll=2878.40
2026-10-08 09:55:13,759 INFO  STATS trades=208 winrate=84% pnl=+2778.40 PF=6.14 bankroll=2878.40
2026-10-08 09:57:36,184 INFO  STATS trades=208 winrate=84% pnl=+2778.40 PF=6.14 bankroll=2878.40
2026-10-08 09:59:57,218 INFO  STATS trades=208 winrate=84% pnl=+2778.40 PF=6.14 bankroll=2878.40
2026-10-08 10:01:58,093 INFO  STATS trades=208 winrate=84% pnl=+2778.40 PF=6.14 bankroll=2878.40
2026-10-08 10:04:02,209 INFO  STATS trades=208 winrate=84% pnl=+2778.40 PF=6.14 bankroll=2878.40
2026-10-08 10:06:07,423 INFO  STATS trades=208 winrate=84% pnl=+2778.40 PF=6.14 bankroll=2878.40
2026-10-08 10:08:12,418 INFO  STATS trades=208 winrate=84% pnl=+2778.40 PF=6.14 bankroll=2878.40
2026-10-08 10:10:30,152 INFO  STATS trades=208 winrate=84% pnl=+2778.40 PF=6.14 bankroll=2878.40
2026-10-08 10:13:12,696 INFO  STATS trades=208 winrate=84% pnl=+2778.40 PF=6.14 bankroll=2878.40
2026-10-08 10:15:41,199 INFO  STATS trades=208 winrate=84% pnl=+2778.40 PF=6.14 bankroll=2878.40
2026-10-08 10:17:42,167 INFO  STATS trades=208 winrate=84% pnl=+2778.40 PF=6.14 bankroll=2878.40
2026-10-08 10:19:56,826 INFO  STATS trades=208 winrate=84% pnl=+2778.40 PF=6.14 bankroll=2878.40
2026-10-08 10:21:57,761 INFO  STATS trades=208 winrate=84% pnl=+2778.40 PF=6.14 bankroll=2878.40
2026-10-08 10:24:15,529 INFO  STATS trades=208 winrate=84% pnl=+2778.40 PF=6.14 bankroll=2878.40
2026-10-08 10:26:24,399 INFO  STATS trades=208 winrate=84% pnl=+2778.40 PF=6.14 bankroll=2878.40
2026-10-08 10:29:43,142 INFO  STATS trades=208 winrate=84% pnl=+2778.40 PF=6.14 bankroll=2878.40
2026-10-08 10:31:44,111 INFO  STATS trades=208 winrate=84% pnl=+2778.40 PF=6.14 bankroll=2878.40
2026-10-08 12:56:21,390 INFO  State loaded: bankroll=2878.40, open=0
2026-10-08 12:56:21,390 INFO  PolyBot started mode=paper assets=['BTC', 'ETH', 'SOL', 'XRP'] bankroll=2878
2026-10-08 12:58:21,386 INFO  STATS trades=208 winrate=84% pnl=+2778.40 PF=6.14 bankroll=2878.40
2026-10-08 13:00:22,575 INFO  STATS trades=208 winrate=84% pnl=+2778.40 PF=6.14 bankroll=2878.40
2026-10-08 13:02:24,018 INFO  STATS trades=208 winrate=84% pnl=+2778.40 PF=6.14 bankroll=2878.40
2026-10-08 13:04:38,307 INFO  STATS trades=208 winrate=84% pnl=+2778.40 PF=6.14 bankroll=2878.40
2026-10-08 13:06:40,171 INFO  STATS trades=208 winrate=84% pnl=+2778.40 PF=6.14 bankroll=2878.40
2026-10-08 13:08:46,930 INFO  STATS trades=208 winrate=84% pnl=+2778.40 PF=6.14 bankroll=2878.40
2026-10-08 13:11:03,022 INFO  STATS trades=208 winrate=84% pnl=+2778.40 PF=6.14 bankroll=2878.40
2026-10-08 13:14:29,848 INFO  STATS trades=208 winrate=84% pnl=+2778.40 PF=6.14 bankroll=2878.40
2026-10-08 13:16:31,013 INFO  STATS trades=208 winrate=84% pnl=+2778.40 PF=6.14 bankroll=2878.40
2026-10-08 13:18:32,472 INFO  STATS trades=208 winrate=84% pnl=+2778.40 PF=6.14 bankroll=2878.40
2026-10-08 13:20:50,960 INFO  STATS trades=208 winrate=84% pnl=+2778.40 PF=6.14 bankroll=2878.40
2026-10-08 13:22:53,843 INFO  STATS trades=208 winrate=84% pnl=+2778.40 PF=6.14 bankroll=2878.40
2026-10-08 13:25:10,381 INFO  STATS trades=208 winrate=84% pnl=+2778.40 PF=6.14 bankroll=2878.40
2026-10-08 13:27:23,252 INFO  STATS trades=208 winrate=84% pnl=+2778.40 PF=6.14 bankroll=2878.40
2026-10-08 13:30:03,303 INFO  STATS trades=208 winrate=84% pnl=+2778.40 PF=6.14 bankroll=2878.40
2026-10-08 13:32:04,552 INFO  STATS trades=208 winrate=84% pnl=+2778.40 PF=6.14 bankroll=2878.40
2026-10-08 13:34:19,452 INFO  STATS trades=208 winrate=84% pnl=+2778.40 PF=6.14 bankroll=2878.40
2026-10-08 13:36:24,502 INFO  STATS trades=208 winrate=84% pnl=+2778.40 PF=6.14 bankroll=2878.40
2026-10-08 13:38:26,015 INFO  STATS trades=208 winrate=84% pnl=+2778.40 PF=6.14 bankroll=2878.40
2026-10-08 13:40:46,352 INFO  STATS trades=208 winrate=84% pnl=+2778.40 PF=6.14 bankroll=2878.40
2026-10-08 13:44:04,689 INFO  STATS trades=208 winrate=84% pnl=+2778.40 PF=6.14 bankroll=2878.40
2026-10-08 13:46:20,338 INFO  STATS trades=208 winrate=84% pnl=+2778.40 PF=6.14 bankroll=2878.40
2026-10-08 13:48:26,652 INFO  STATS trades=208 winrate=84% pnl=+2778.40 PF=6.14 bankroll=2878.40
2026-10-08 13:50:41,214 INFO  STATS trades=208 winrate=84% pnl=+2778.40 PF=6.14 bankroll=2878.40
2026-10-08 13:52:43,265 INFO  STATS trades=208 winrate=84% pnl=+2778.40 PF=6.14 bankroll=2878.40
2026-10-08 13:54:59,135 INFO  STATS trades=208 winrate=84% pnl=+2778.40 PF=6.14 bankroll=2878.40
2026-10-08 13:56:15,883 INFO  [PAPER] BUY BTC UP @ 0.560 $64.27 (PAPER) conf=0.773 move=+0.161%
2026-10-08 13:56:43,013 INFO  SIGNAL XRP UP @ 0.610 заблокирован (MAX_PER_WINDOW)
2026-10-08 13:56:45,558 INFO  SIGNAL ETH UP @ 0.590 заблокирован (MAX_PER_WINDOW)
2026-10-08 13:57:18,865 INFO  STATS trades=208 winrate=84% pnl=+2778.40 PF=6.14 bankroll=2878.40
2026-10-08 13:59:53,828 INFO  STATS trades=208 winrate=84% pnl=+2778.40 PF=6.14 bankroll=2878.40
2026-10-08 14:01:43,125 INFO  WIN  BTC UP pnl=+50.49 bankroll=2928.89
2026-10-08 14:01:56,828 INFO  STATS trades=209 winrate=84% pnl=+2828.89 PF=6.24 bankroll=2928.89
2026-10-08 14:04:04,629 INFO  STATS trades=209 winrate=84% pnl=+2828.89 PF=6.24 bankroll=2928.89
2026-10-08 14:06:13,666 INFO  STATS trades=209 winrate=84% pnl=+2828.89 PF=6.24 bankroll=2928.89
2026-10-08 14:08:20,414 INFO  STATS trades=209 winrate=84% pnl=+2828.89 PF=6.24 bankroll=2928.89
2026-10-08 14:10:38,138 INFO  STATS trades=209 winrate=84% pnl=+2828.89 PF=6.24 bankroll=2928.89
2026-10-08 14:13:43,816 INFO  STATS trades=209 winrate=84% pnl=+2828.89 PF=6.24 bankroll=2928.89
2026-10-08 14:16:08,230 INFO  STATS trades=209 winrate=84% pnl=+2828.89 PF=6.24 bankroll=2928.89
2026-10-08 14:18:09,779 INFO  STATS trades=209 winrate=84% pnl=+2828.89 PF=6.24 bankroll=2928.89
2026-10-08 14:20:18,397 INFO  STATS trades=209 winrate=84% pnl=+2828.89 PF=6.24 bankroll=2928.89
2026-10-08 14:22:19,603 INFO  STATS trades=209 winrate=84% pnl=+2828.89 PF=6.24 bankroll=2928.89
2026-10-08 14:24:38,279 INFO  STATS trades=209 winrate=84% pnl=+2828.89 PF=6.24 bankroll=2928.89
2026-10-08 14:26:50,902 INFO  STATS trades=209 winrate=84% pnl=+2828.89 PF=6.24 bankroll=2928.89
2026-10-08 14:29:51,101 INFO  STATS trades=209 winrate=84% pnl=+2828.89 PF=6.24 bankroll=2928.89
2026-10-08 14:31:52,671 INFO  STATS trades=209 winrate=84% pnl=+2828.89 PF=6.24 bankroll=2928.89
2026-10-08 14:33:56,877 INFO  STATS trades=209 winrate=84% pnl=+2828.89 PF=6.24 bankroll=2928.89
2026-10-08 14:36:06,793 INFO  STATS trades=209 winrate=84% pnl=+2828.89 PF=6.24 bankroll=2928.89
2026-10-08 14:38:12,543 INFO  STATS trades=209 winrate=84% pnl=+2828.89 PF=6.24 bankroll=2928.89
2026-10-08 14:40:36,188 INFO  STATS trades=209 winrate=84% pnl=+2828.89 PF=6.24 bankroll=2928.89
2026-10-08 14:43:44,555 INFO  STATS trades=209 winrate=84% pnl=+2828.89 PF=6.24 bankroll=2928.89
2026-10-08 14:46:05,634 INFO  STATS trades=209 winrate=84% pnl=+2828.89 PF=6.24 bankroll=2928.89
2026-10-08 14:48:11,080 INFO  STATS trades=209 winrate=84% pnl=+2828.89 PF=6.24 bankroll=2928.89
2026-10-08 14:50:30,874 INFO  STATS trades=209 winrate=84% pnl=+2828.89 PF=6.24 bankroll=2928.89
2026-10-08 14:52:32,145 INFO  STATS trades=209 winrate=84% pnl=+2828.89 PF=6.24 bankroll=2928.89
2026-10-08 14:54:54,083 INFO  STATS trades=209 winrate=84% pnl=+2828.89 PF=6.24 bankroll=2928.89
2026-10-08 14:56:55,433 INFO  STATS trades=209 winrate=84% pnl=+2828.89 PF=6.24 bankroll=2928.89
2026-10-08 14:58:56,639 INFO  STATS trades=209 winrate=84% pnl=+2828.89 PF=6.24 bankroll=2928.89
2026-10-08 15:00:58,151 INFO  STATS trades=209 winrate=84% pnl=+2828.89 PF=6.24 bankroll=2928.89
2026-10-08 15:03:02,299 INFO  STATS trades=209 winrate=84% pnl=+2828.89 PF=6.24 bankroll=2928.89
2026-10-08 15:05:23,322 INFO  STATS trades=209 winrate=84% pnl=+2828.89 PF=6.24 bankroll=2928.89
2026-10-08 15:07:25,447 INFO  STATS trades=209 winrate=84% pnl=+2828.89 PF=6.24 bankroll=2928.89
2026-10-08 15:09:45,049 INFO  STATS trades=209 winrate=84% pnl=+2828.89 PF=6.24 bankroll=2928.89
2026-10-08 15:12:11,611 INFO  STATS trades=209 winrate=84% pnl=+2828.89 PF=6.24 bankroll=2928.89
2026-10-08 15:15:20,040 INFO  STATS trades=209 winrate=84% pnl=+2828.89 PF=6.24 bankroll=2928.89
2026-10-08 15:17:21,650 INFO  STATS trades=209 winrate=84% pnl=+2828.89 PF=6.24 bankroll=2928.89
2026-10-08 15:19:43,739 INFO  STATS trades=209 winrate=84% pnl=+2828.89 PF=6.24 bankroll=2928.89
2026-10-08 15:21:46,977 INFO  STATS trades=209 winrate=84% pnl=+2828.89 PF=6.24 bankroll=2928.89
2026-10-08 15:23:52,311 INFO  STATS trades=209 winrate=84% pnl=+2828.89 PF=6.24 bankroll=2928.89
2026-10-08 15:26:10,846 INFO  STATS trades=209 winrate=84% pnl=+2828.89 PF=6.24 bankroll=2928.89
2026-10-08 15:29:45,564 INFO  STATS trades=209 winrate=84% pnl=+2828.89 PF=6.24 bankroll=2928.89
2026-10-08 15:31:46,897 INFO  STATS trades=209 winrate=84% pnl=+2828.89 PF=6.24 bankroll=2928.89
2026-10-08 15:33:50,917 INFO  STATS trades=209 winrate=84% pnl=+2828.89 PF=6.24 bankroll=2928.89
2026-10-08 15:36:05,345 INFO  STATS trades=209 winrate=84% pnl=+2828.89 PF=6.24 bankroll=2928.89
2026-10-08 15:38:06,703 INFO  STATS trades=209 winrate=84% pnl=+2828.89 PF=6.24 bankroll=2928.89
2026-10-08 15:38:47,366 INFO  SIGNAL XRP UP @ 0.530 заблокирован (NO_LIQUIDITY)
2026-10-08 15:38:48,283 INFO  [PAPER] BUY SOL UP @ 0.539 $20.28 (PAPER) conf=0.819 move=+0.304%
2026-10-08 15:40:18,354 INFO  STATS trades=209 winrate=84% pnl=+2828.89 PF=6.24 bankroll=2928.89
2026-10-08 15:41:22,145 INFO  [PAPER] BUY SOL UP @ 0.560 $11.20 (PAPER) conf=0.766 move=+0.129%
2026-10-08 15:41:29,147 INFO  SIGNAL XRP DOWN @ 0.550 заблокирован (MAX_PER_WINDOW)
2026-10-08 15:42:49,452 INFO  STATS trades=209 winrate=84% pnl=+2828.89 PF=6.24 bankroll=2928.89
2026-10-08 15:45:16,967 INFO  WIN  SOL UP pnl=+17.32 bankroll=2946.21
2026-10-08 15:45:30,776 INFO  STATS trades=210 winrate=84% pnl=+2846.21 PF=6.27 bankroll=2946.21
2026-10-08 15:46:33,017 INFO  WIN  SOL UP pnl=+8.80 bankroll=2955.01
2026-10-08 15:47:32,500 INFO  STATS trades=211 winrate=84% pnl=+2855.01 PF=6.28 bankroll=2955.01
2026-10-08 15:48:46,178 INFO  [PAPER] BUY XRP DOWN @ 0.600 $6.00 (PAPER) conf=0.763 move=-0.126%
2026-10-08 15:48:57,074 INFO  SIGNAL SOL DOWN @ 0.511 заблокирован (MAX_PER_WINDOW)
2026-10-08 15:49:50,050 INFO  STATS trades=211 winrate=84% pnl=+2855.01 PF=6.28 bankroll=2955.01
2026-10-08 15:51:38,490 INFO  LOSS XRP DOWN pnl=-6.00 bankroll=2949.01
2026-10-08 15:51:53,231 INFO  STATS trades=212 winrate=84% pnl=+2849.01 PF=6.22 bankroll=2949.01
2026-10-08 15:54:03,452 INFO  STATS trades=212 winrate=84% pnl=+2849.01 PF=6.22 bankroll=2949.01
2026-10-08 15:56:16,170 INFO  STATS trades=212 winrate=84% pnl=+2849.01 PF=6.22 bankroll=2949.01
2026-10-08 15:58:18,492 INFO  STATS trades=212 winrate=84% pnl=+2849.01 PF=6.22 bankroll=2949.01
2026-10-08 16:00:20,153 INFO  STATS trades=212 winrate=84% pnl=+2849.01 PF=6.22 bankroll=2949.01
2026-10-08 16:02:21,366 INFO  STATS trades=212 winrate=84% pnl=+2849.01 PF=6.22 bankroll=2949.01
2026-10-08 16:03:47,173 INFO  SIGNAL ETH DOWN @ 0.570 заблокирован (NO_LIQUIDITY)
2026-10-08 16:04:35,228 INFO  STATS trades=212 winrate=84% pnl=+2849.01 PF=6.22 bankroll=2949.01
2026-10-08 16:06:36,702 INFO  STATS trades=212 winrate=84% pnl=+2849.01 PF=6.22 bankroll=2949.01
2026-10-08 16:08:46,889 INFO  STATS trades=212 winrate=84% pnl=+2849.01 PF=6.22 bankroll=2949.01
2026-10-08 16:10:59,642 INFO  STATS trades=212 winrate=84% pnl=+2849.01 PF=6.22 bankroll=2949.01
2026-10-08 16:11:53,777 INFO  SIGNAL ETH DOWN @ 0.570 заблокирован (NO_LIQUIDITY)
2026-10-08 16:12:12,664 INFO  SIGNAL SOL DOWN @ 0.510 заблокирован (NO_LIQUIDITY)
2026-10-08 16:13:39,225 INFO  STATS trades=212 winrate=84% pnl=+2849.01 PF=6.22 bankroll=2949.01
2026-10-08 16:13:52,299 INFO  SIGNAL XRP DOWN @ 0.540 заблокирован (NO_LIQUIDITY)
2026-10-08 16:16:00,104 INFO  STATS trades=212 winrate=84% pnl=+2849.01 PF=6.22 bankroll=2949.01
2026-10-08 16:18:02,009 INFO  STATS trades=212 winrate=84% pnl=+2849.01 PF=6.22 bankroll=2949.01
2026-10-08 16:20:23,938 INFO  STATS trades=212 winrate=84% pnl=+2849.01 PF=6.22 bankroll=2949.01
2026-10-08 16:22:25,188 INFO  STATS trades=212 winrate=84% pnl=+2849.01 PF=6.22 bankroll=2949.01
2026-10-08 16:24:41,103 INFO  STATS trades=212 winrate=84% pnl=+2849.01 PF=6.22 bankroll=2949.01
2026-10-08 16:27:04,705 INFO  STATS trades=212 winrate=84% pnl=+2849.01 PF=6.22 bankroll=2949.01
2026-10-08 16:30:14,559 INFO  STATS trades=212 winrate=84% pnl=+2849.01 PF=6.22 bankroll=2949.01
2026-10-08 16:32:15,687 INFO  STATS trades=212 winrate=84% pnl=+2849.01 PF=6.22 bankroll=2949.01
2026-10-08 16:34:36,159 INFO  STATS trades=212 winrate=84% pnl=+2849.01 PF=6.22 bankroll=2949.01
2026-10-08 16:36:37,324 INFO  STATS trades=212 winrate=84% pnl=+2849.01 PF=6.22 bankroll=2949.01
2026-10-08 16:38:39,184 INFO  STATS trades=212 winrate=84% pnl=+2849.01 PF=6.22 bankroll=2949.01
2026-10-08 16:40:53,636 INFO  STATS trades=212 winrate=84% pnl=+2849.01 PF=6.22 bankroll=2949.01
2026-10-08 16:41:25,285 INFO  [PAPER] BUY SOL UP @ 0.600 $1.80 (PAPER) conf=0.783 move=+0.184%
2026-10-08 16:43:53,348 INFO  SIGNAL XRP UP @ 0.550 заблокирован (MAX_PER_WINDOW)
2026-10-08 16:43:54,007 INFO  STATS trades=212 winrate=84% pnl=+2849.01 PF=6.22 bankroll=2949.01
2026-10-08 16:46:07,080 INFO  STATS trades=212 winrate=84% pnl=+2849.01 PF=6.22 bankroll=2949.01
2026-10-08 16:48:14,404 INFO  STATS trades=212 winrate=84% pnl=+2849.01 PF=6.22 bankroll=2949.01
2026-10-08 16:50:05,693 INFO  WIN  SOL UP pnl=+1.20 bankroll=2950.21
2026-10-08 16:50:34,712 INFO  STATS trades=213 winrate=84% pnl=+2850.21 PF=6.22 bankroll=2950.21
2026-10-08 16:52:36,052 INFO  STATS trades=213 winrate=84% pnl=+2850.21 PF=6.22 bankroll=2950.21
2026-10-08 16:55:00,946 INFO  STATS trades=213 winrate=84% pnl=+2850.21 PF=6.22 bankroll=2950.21
2026-10-08 16:57:02,066 INFO  STATS trades=213 winrate=84% pnl=+2850.21 PF=6.22 bankroll=2950.21
2026-10-08 16:59:03,460 INFO  STATS trades=213 winrate=84% pnl=+2850.21 PF=6.22 bankroll=2950.21
2026-10-08 17:01:04,891 INFO  STATS trades=213 winrate=84% pnl=+2850.21 PF=6.22 bankroll=2950.21
2026-10-08 17:03:06,512 INFO  STATS trades=213 winrate=84% pnl=+2850.21 PF=6.22 bankroll=2950.21
2026-10-08 17:05:23,348 INFO  STATS trades=213 winrate=84% pnl=+2850.21 PF=6.22 bankroll=2950.21
2026-10-08 17:07:24,562 INFO  STATS trades=213 winrate=84% pnl=+2850.21 PF=6.22 bankroll=2950.21
2026-10-08 17:09:15,545 INFO  [PAPER] BUY SOL UP @ 0.570 $7.98 (PAPER) conf=0.798 move=+0.144%
2026-10-08 17:09:38,900 INFO  STATS trades=213 winrate=84% pnl=+2850.21 PF=6.22 bankroll=2950.21
2026-10-08 17:12:00,676 INFO  STATS trades=213 winrate=84% pnl=+2850.21 PF=6.22 bankroll=2950.21
2026-10-08 17:13:08,319 INFO  [PAPER] BUY SOL UP @ 0.540 $81.19 (PAPER) conf=0.802 move=+0.130%
2026-10-08 17:14:53,436 INFO  STATS trades=213 winrate=84% pnl=+2850.21 PF=6.22 bankroll=2950.21
2026-10-08 17:15:10,651 INFO  WIN  SOL UP pnl=+6.02 bankroll=2956.23
2026-10-08 17:16:41,739 INFO  WIN  SOL UP pnl=+69.17 bankroll=3025.40
2026-10-08 17:16:55,318 INFO  STATS trades=215 winrate=84% pnl=+2925.40 PF=6.35 bankroll=3025.40
2026-10-08 17:19:02,407 INFO  STATS trades=215 winrate=84% pnl=+2925.40 PF=6.35 bankroll=3025.40
2026-10-08 17:21:12,965 INFO  STATS trades=215 winrate=84% pnl=+2925.40 PF=6.35 bankroll=3025.40
2026-10-08 17:23:19,637 INFO  STATS trades=215 winrate=84% pnl=+2925.40 PF=6.35 bankroll=3025.40
2026-10-08 17:25:37,987 INFO  STATS trades=215 winrate=84% pnl=+2925.40 PF=6.35 bankroll=3025.40
2026-10-08 17:28:46,471 INFO  STATS trades=215 winrate=84% pnl=+2925.40 PF=6.35 bankroll=3025.40
2026-10-08 17:31:07,447 INFO  STATS trades=215 winrate=84% pnl=+2925.40 PF=6.35 bankroll=3025.40
2026-10-08 17:33:10,002 INFO  STATS trades=215 winrate=84% pnl=+2925.40 PF=6.35 bankroll=3025.40
2026-10-08 17:35:29,925 INFO  STATS trades=215 winrate=84% pnl=+2925.40 PF=6.35 bankroll=3025.40
2026-10-08 17:37:31,116 INFO  STATS trades=215 winrate=84% pnl=+2925.40 PF=6.35 bankroll=3025.40
2026-10-08 17:39:47,044 INFO  STATS trades=215 winrate=84% pnl=+2925.40 PF=6.35 bankroll=3025.40
2026-10-08 17:42:07,227 INFO  STATS trades=215 winrate=84% pnl=+2925.40 PF=6.35 bankroll=3025.40
2026-10-08 17:43:17,207 INFO  [PAPER] BUY SOL DOWN @ 0.610 $15.25 (PAPER) conf=0.82 move=-0.183%
2026-10-08 17:44:58,774 INFO  STATS trades=215 winrate=84% pnl=+2925.40 PF=6.35 bankroll=3025.40
2026-10-08 17:46:31,426 INFO  WIN  SOL DOWN pnl=+9.75 bankroll=3035.15
2026-10-08 17:47:00,249 INFO  STATS trades=216 winrate=84% pnl=+2935.15 PF=6.37 bankroll=3035.15
2026-10-08 17:49:15,643 INFO  STATS trades=216 winrate=84% pnl=+2935.15 PF=6.37 bankroll=3035.15
2026-10-08 17:51:22,725 INFO  STATS trades=216 winrate=84% pnl=+2935.15 PF=6.37 bankroll=3035.15
2026-10-08 17:53:30,792 INFO  STATS trades=216 winrate=84% pnl=+2935.15 PF=6.37 bankroll=3035.15
2026-10-08 17:55:47,016 INFO  STATS trades=216 winrate=84% pnl=+2935.15 PF=6.37 bankroll=3035.15
2026-10-08 17:57:48,216 INFO  STATS trades=216 winrate=84% pnl=+2935.15 PF=6.37 bankroll=3035.15
2026-10-08 17:59:49,677 INFO  STATS trades=216 winrate=84% pnl=+2935.15 PF=6.37 bankroll=3035.15
2026-10-08 18:01:50,989 INFO  STATS trades=216 winrate=84% pnl=+2935.15 PF=6.37 bankroll=3035.15
2026-10-08 18:03:56,772 INFO  STATS trades=216 winrate=84% pnl=+2935.15 PF=6.37 bankroll=3035.15
2026-10-08 18:06:08,650 INFO  STATS trades=216 winrate=84% pnl=+2935.15 PF=6.37 bankroll=3035.15
2026-10-08 18:08:09,869 INFO  STATS trades=216 winrate=84% pnl=+2935.15 PF=6.37 bankroll=3035.15
2026-10-08 18:09:09,154 INFO  SIGNAL XRP UP @ 0.520 заблокирован (NO_LIQUIDITY)
2026-10-08 18:10:22,416 INFO  STATS trades=216 winrate=84% pnl=+2935.15 PF=6.37 bankroll=3035.15
2026-10-08 18:11:16,769 INFO  [PAPER] BUY SOL DOWN @ 0.560 $4.48 (PAPER) conf=0.782 move=-0.188%
2026-10-08 18:13:00,300 INFO  STATS trades=216 winrate=84% pnl=+2935.15 PF=6.37 bankroll=3035.15
2026-10-08 18:15:40,068 INFO  STATS trades=216 winrate=84% pnl=+2935.15 PF=6.37 bankroll=3035.15
2026-10-08 18:16:42,294 INFO  LOSS SOL DOWN pnl=-4.48 bankroll=3030.67
2026-10-08 18:17:41,229 INFO  STATS trades=217 winrate=84% pnl=+2930.67 PF=6.32 bankroll=3030.67
2026-10-08 18:20:03,183 INFO  STATS trades=217 winrate=84% pnl=+2930.67 PF=6.32 bankroll=3030.67
2026-10-08 18:22:04,366 INFO  STATS trades=217 winrate=84% pnl=+2930.67 PF=6.32 bankroll=3030.67
2026-10-08 18:24:22,904 INFO  STATS trades=217 winrate=84% pnl=+2930.67 PF=6.32 bankroll=3030.67
2026-10-08 18:26:36,186 INFO  STATS trades=217 winrate=84% pnl=+2930.67 PF=6.32 bankroll=3030.67
2026-10-08 18:29:57,121 INFO  STATS trades=217 winrate=84% pnl=+2930.67 PF=6.32 bankroll=3030.67
2026-10-08 18:31:58,420 INFO  STATS trades=217 winrate=84% pnl=+2930.67 PF=6.32 bankroll=3030.67
2026-10-08 18:34:18,839 INFO  STATS trades=217 winrate=84% pnl=+2930.67 PF=6.32 bankroll=3030.67
2026-10-08 23:00:22,206 INFO  State loaded: bankroll=3030.67, open=0
2026-10-08 23:00:22,206 INFO  PolyBot started mode=paper assets=['BTC', 'ETH', 'SOL', 'XRP'] bankroll=3031
2026-10-08 23:02:22,149 INFO  STATS trades=217 winrate=84% pnl=+2930.67 PF=6.32 bankroll=3030.67
2026-10-08 23:04:31,556 INFO  STATS trades=217 winrate=84% pnl=+2930.67 PF=6.32 bankroll=3030.67
2026-10-08 23:06:32,866 INFO  STATS trades=217 winrate=84% pnl=+2930.67 PF=6.32 bankroll=3030.67
2026-10-08 23:08:34,432 INFO  STATS trades=217 winrate=84% pnl=+2930.67 PF=6.32 bankroll=3030.67
2026-10-08 23:10:43,211 INFO  STATS trades=217 winrate=84% pnl=+2930.67 PF=6.32 bankroll=3030.67
2026-10-08 23:13:04,878 INFO  STATS trades=217 winrate=84% pnl=+2930.67 PF=6.32 bankroll=3030.67
2026-10-08 23:15:21,314 INFO  STATS trades=217 winrate=84% pnl=+2930.67 PF=6.32 bankroll=3030.67
2026-10-08 23:17:22,701 INFO  STATS trades=217 winrate=84% pnl=+2930.67 PF=6.32 bankroll=3030.67
2026-10-08 23:19:46,451 INFO  STATS trades=217 winrate=84% pnl=+2930.67 PF=6.32 bankroll=3030.67
2026-10-08 23:21:47,567 INFO  STATS trades=217 winrate=84% pnl=+2930.67 PF=6.32 bankroll=3030.67
2026-10-08 23:24:04,101 INFO  STATS trades=217 winrate=84% pnl=+2930.67 PF=6.32 bankroll=3030.67
2026-10-08 23:26:13,177 INFO  STATS trades=217 winrate=84% pnl=+2930.67 PF=6.32 bankroll=3030.67
2026-10-08 23:28:14,305 INFO  STATS trades=217 winrate=84% pnl=+2930.67 PF=6.32 bankroll=3030.67
2026-10-08 23:30:15,528 INFO  STATS trades=217 winrate=84% pnl=+2930.67 PF=6.32 bankroll=3030.67
2026-10-08 23:32:16,827 INFO  STATS trades=217 winrate=84% pnl=+2930.67 PF=6.32 bankroll=3030.67
2026-10-08 23:34:25,161 INFO  STATS trades=217 winrate=84% pnl=+2930.67 PF=6.32 bankroll=3030.67
2026-10-08 23:36:26,987 INFO  STATS trades=217 winrate=84% pnl=+2930.67 PF=6.32 bankroll=3030.67
2026-10-08 23:38:36,847 INFO  STATS trades=217 winrate=84% pnl=+2930.67 PF=6.32 bankroll=3030.67
2026-10-08 23:40:52,974 INFO  STATS trades=217 winrate=84% pnl=+2930.67 PF=6.32 bankroll=3030.67
2026-10-08 23:43:30,849 INFO  STATS trades=217 winrate=84% pnl=+2930.67 PF=6.32 bankroll=3030.67
2026-10-08 23:45:56,495 INFO  STATS trades=217 winrate=84% pnl=+2930.67 PF=6.32 bankroll=3030.67
2026-10-08 23:47:58,305 INFO  STATS trades=217 winrate=84% pnl=+2930.67 PF=6.32 bankroll=3030.67
2026-10-08 23:50:14,430 INFO  STATS trades=217 winrate=84% pnl=+2930.67 PF=6.32 bankroll=3030.67
2026-10-08 23:52:15,775 INFO  STATS trades=217 winrate=84% pnl=+2930.67 PF=6.32 bankroll=3030.67
2026-10-08 23:54:40,875 INFO  STATS trades=217 winrate=84% pnl=+2930.67 PF=6.32 bankroll=3030.67
2026-10-08 23:57:04,391 INFO  STATS trades=217 winrate=84% pnl=+2930.67 PF=6.32 bankroll=3030.67
2026-10-09 00:00:01,774 INFO  STATS trades=217 winrate=84% pnl=+2930.67 PF=6.32 bankroll=3030.67
2026-10-09 00:02:03,238 INFO  STATS trades=217 winrate=84% pnl=+2930.67 PF=6.32 bankroll=3030.67
2026-10-09 00:04:14,239 INFO  STATS trades=217 winrate=84% pnl=+2930.67 PF=6.32 bankroll=3030.67
2026-10-09 00:06:20,991 INFO  STATS trades=217 winrate=84% pnl=+2930.67 PF=6.32 bankroll=3030.67
2026-10-09 00:08:23,068 INFO  STATS trades=217 winrate=84% pnl=+2930.67 PF=6.32 bankroll=3030.67
2026-10-09 00:10:33,257 INFO  STATS trades=217 winrate=84% pnl=+2930.67 PF=6.32 bankroll=3030.67
2026-10-09 00:12:34,628 INFO  STATS trades=217 winrate=84% pnl=+2930.67 PF=6.32 bankroll=3030.67
2026-10-09 00:14:35,997 INFO  STATS trades=217 winrate=84% pnl=+2930.67 PF=6.32 bankroll=3030.67
2026-10-09 00:16:37,400 INFO  STATS trades=217 winrate=84% pnl=+2930.67 PF=6.32 bankroll=3030.67
2026-10-09 00:18:38,976 INFO  STATS trades=217 winrate=84% pnl=+2930.67 PF=6.32 bankroll=3030.67
2026-10-09 00:20:56,568 INFO  STATS trades=217 winrate=84% pnl=+2930.67 PF=6.32 bankroll=3030.67
2026-10-09 00:22:58,342 INFO  STATS trades=217 winrate=84% pnl=+2930.67 PF=6.32 bankroll=3030.67
2026-10-09 00:25:09,065 INFO  STATS trades=217 winrate=84% pnl=+2930.67 PF=6.32 bankroll=3030.67
2026-10-09 00:27:10,244 INFO  STATS trades=217 winrate=84% pnl=+2930.67 PF=6.32 bankroll=3030.67
2026-10-09 00:29:11,709 INFO  STATS trades=217 winrate=84% pnl=+2930.67 PF=6.32 bankroll=3030.67
2026-10-09 00:31:12,968 INFO  STATS trades=217 winrate=84% pnl=+2930.67 PF=6.32 bankroll=3030.67
2026-10-09 00:33:19,974 INFO  STATS trades=217 winrate=84% pnl=+2930.67 PF=6.32 bankroll=3030.67
2026-10-09 00:35:38,089 INFO  STATS trades=217 winrate=84% pnl=+2930.67 PF=6.32 bankroll=3030.67
2026-10-09 00:37:39,700 INFO  STATS trades=217 winrate=84% pnl=+2930.67 PF=6.32 bankroll=3030.67
2026-10-09 00:39:53,930 INFO  STATS trades=217 winrate=84% pnl=+2930.67 PF=6.32 bankroll=3030.67
2026-10-09 00:42:06,896 INFO  STATS trades=217 winrate=84% pnl=+2930.67 PF=6.32 bankroll=3030.67
2026-10-09 00:45:03,419 INFO  STATS trades=217 winrate=84% pnl=+2930.67 PF=6.32 bankroll=3030.67
2026-10-09 00:47:04,913 INFO  STATS trades=217 winrate=84% pnl=+2930.67 PF=6.32 bankroll=3030.67
2026-10-09 00:49:27,590 INFO  STATS trades=217 winrate=84% pnl=+2930.67 PF=6.32 bankroll=3030.67
2026-10-09 00:51:29,398 INFO  STATS trades=217 winrate=84% pnl=+2930.67 PF=6.32 bankroll=3030.67
2026-10-09 00:53:39,438 INFO  STATS trades=217 winrate=84% pnl=+2930.67 PF=6.32 bankroll=3030.67
2026-10-09 00:55:53,728 INFO  STATS trades=217 winrate=84% pnl=+2930.67 PF=6.32 bankroll=3030.67
2026-10-09 00:57:54,998 INFO  STATS trades=217 winrate=84% pnl=+2930.67 PF=6.32 bankroll=3030.67
2026-10-09 00:59:56,235 INFO  STATS trades=217 winrate=84% pnl=+2930.67 PF=6.32 bankroll=3030.67
2026-10-09 01:01:57,538 INFO  STATS trades=217 winrate=84% pnl=+2930.67 PF=6.32 bankroll=3030.67
2026-10-09 01:04:02,044 INFO  STATS trades=217 winrate=84% pnl=+2930.67 PF=6.32 bankroll=3030.67
2026-10-09 01:06:10,033 INFO  STATS trades=217 winrate=84% pnl=+2930.67 PF=6.32 bankroll=3030.67
2026-10-09 01:08:16,201 INFO  STATS trades=217 winrate=84% pnl=+2930.67 PF=6.32 bankroll=3030.67
2026-10-09 01:10:34,257 INFO  STATS trades=217 winrate=84% pnl=+2930.67 PF=6.32 bankroll=3030.67
2026-10-09 01:13:01,398 INFO  STATS trades=217 winrate=84% pnl=+2930.67 PF=6.32 bankroll=3030.67
2026-10-09 01:15:30,311 INFO  STATS trades=217 winrate=84% pnl=+2930.67 PF=6.32 bankroll=3030.67
2026-10-09 01:17:31,800 INFO  STATS trades=217 winrate=84% pnl=+2930.67 PF=6.32 bankroll=3030.67
2026-10-09 01:19:48,190 INFO  STATS trades=217 winrate=84% pnl=+2930.67 PF=6.32 bankroll=3030.67
2026-10-09 01:21:49,160 INFO  STATS trades=217 winrate=84% pnl=+2930.67 PF=6.32 bankroll=3030.67
2026-10-09 01:24:05,828 INFO  STATS trades=217 winrate=84% pnl=+2930.67 PF=6.32 bankroll=3030.67
2026-10-09 01:26:13,677 INFO  STATS trades=217 winrate=84% pnl=+2930.67 PF=6.32 bankroll=3030.67
2026-10-09 01:29:49,866 INFO  STATS trades=217 winrate=84% pnl=+2930.67 PF=6.32 bankroll=3030.67
2026-10-09 01:31:51,854 INFO  STATS trades=217 winrate=84% pnl=+2930.67 PF=6.32 bankroll=3030.67
2026-10-09 01:33:55,908 INFO  STATS trades=217 winrate=84% pnl=+2930.67 PF=6.32 bankroll=3030.67
2026-10-09 01:36:03,713 INFO  STATS trades=217 winrate=84% pnl=+2930.67 PF=6.32 bankroll=3030.67
2026-10-09 01:38:07,129 INFO  STATS trades=217 winrate=84% pnl=+2930.67 PF=6.32 bankroll=3030.67
2026-10-09 01:40:21,905 INFO  STATS trades=217 winrate=84% pnl=+2930.67 PF=6.32 bankroll=3030.67
2026-10-09 01:43:14,197 INFO  STATS trades=217 winrate=84% pnl=+2930.67 PF=6.32 bankroll=3030.67
2026-10-09 01:45:53,530 INFO  STATS trades=217 winrate=84% pnl=+2930.67 PF=6.32 bankroll=3030.67
2026-10-09 01:47:55,432 INFO  STATS trades=217 winrate=84% pnl=+2930.67 PF=6.32 bankroll=3030.67
2026-10-09 01:50:04,112 INFO  STATS trades=217 winrate=84% pnl=+2930.67 PF=6.32 bankroll=3030.67
2026-10-09 01:52:05,251 INFO  STATS trades=217 winrate=84% pnl=+2930.67 PF=6.32 bankroll=3030.67
2026-10-09 01:54:16,745 INFO  STATS trades=217 winrate=84% pnl=+2930.67 PF=6.32 bankroll=3030.67
2026-10-09 01:56:25,015 INFO  STATS trades=217 winrate=84% pnl=+2930.67 PF=6.32 bankroll=3030.67
2026-10-09 01:59:24,732 INFO  STATS trades=217 winrate=84% pnl=+2930.67 PF=6.32 bankroll=3030.67
2026-10-09 02:01:27,931 INFO  STATS trades=217 winrate=84% pnl=+2930.67 PF=6.32 bankroll=3030.67
2026-10-09 02:03:29,429 INFO  STATS trades=217 winrate=84% pnl=+2930.67 PF=6.32 bankroll=3030.67
2026-10-09 02:05:43,249 INFO  STATS trades=217 winrate=84% pnl=+2930.67 PF=6.32 bankroll=3030.67
2026-10-09 02:07:44,269 INFO  STATS trades=217 winrate=84% pnl=+2930.67 PF=6.32 bankroll=3030.67
2026-10-09 02:10:05,098 INFO  STATS trades=217 winrate=84% pnl=+2930.67 PF=6.32 bankroll=3030.67
2026-10-09 02:12:27,185 INFO  STATS trades=217 winrate=84% pnl=+2930.67 PF=6.32 bankroll=3030.67
2026-10-09 02:15:15,684 INFO  STATS trades=217 winrate=84% pnl=+2930.67 PF=6.32 bankroll=3030.67
2026-10-09 02:17:17,110 INFO  STATS trades=217 winrate=84% pnl=+2930.67 PF=6.32 bankroll=3030.67
2026-10-09 02:19:31,526 INFO  STATS trades=217 winrate=84% pnl=+2930.67 PF=6.32 bankroll=3030.67
2026-10-09 02:21:32,758 INFO  STATS trades=217 winrate=84% pnl=+2930.67 PF=6.32 bankroll=3030.67
2026-10-09 02:23:41,005 INFO  STATS trades=217 winrate=84% pnl=+2930.67 PF=6.32 bankroll=3030.67
2026-10-09 02:25:54,257 INFO  STATS trades=217 winrate=84% pnl=+2930.67 PF=6.32 bankroll=3030.67
2026-10-09 02:28:36,929 INFO  STATS trades=217 winrate=84% pnl=+2930.67 PF=6.32 bankroll=3030.67
2026-10-09 02:30:58,059 INFO  STATS trades=217 winrate=84% pnl=+2930.67 PF=6.32 bankroll=3030.67
2026-10-09 02:32:59,730 INFO  STATS trades=217 winrate=84% pnl=+2930.67 PF=6.32 bankroll=3030.67
2026-10-09 02:35:08,910 INFO  STATS trades=217 winrate=84% pnl=+2930.67 PF=6.32 bankroll=3030.67
2026-10-09 02:37:10,405 INFO  STATS trades=217 winrate=84% pnl=+2930.67 PF=6.32 bankroll=3030.67
2026-10-09 02:39:33,554 INFO  STATS trades=217 winrate=84% pnl=+2930.67 PF=6.32 bankroll=3030.67
2026-10-09 02:41:52,282 INFO  STATS trades=217 winrate=84% pnl=+2930.67 PF=6.32 bankroll=3030.67
2026-10-09 02:45:06,549 INFO  STATS trades=217 winrate=84% pnl=+2930.67 PF=6.32 bankroll=3030.67
2026-10-09 02:47:08,033 INFO  STATS trades=217 winrate=84% pnl=+2930.67 PF=6.32 bankroll=3030.67
2026-10-09 02:49:25,672 INFO  STATS trades=217 winrate=84% pnl=+2930.67 PF=6.32 bankroll=3030.67
2026-10-09 02:51:28,301 INFO  STATS trades=217 winrate=84% pnl=+2930.67 PF=6.32 bankroll=3030.67
2026-10-09 02:53:38,158 INFO  STATS trades=217 winrate=84% pnl=+2930.67 PF=6.32 bankroll=3030.67
2026-10-09 02:55:53,205 INFO  STATS trades=217 winrate=84% pnl=+2930.67 PF=6.32 bankroll=3030.67
2026-10-09 02:59:20,972 INFO  STATS trades=217 winrate=84% pnl=+2930.67 PF=6.32 bankroll=3030.67
2026-10-09 03:01:27,109 INFO  STATS trades=217 winrate=84% pnl=+2930.67 PF=6.32 bankroll=3030.67
2026-10-09 03:03:28,590 INFO  STATS trades=217 winrate=84% pnl=+2930.67 PF=6.32 bankroll=3030.67
2026-10-09 03:05:43,442 INFO  STATS trades=217 winrate=84% pnl=+2930.67 PF=6.32 bankroll=3030.67
2026-10-09 03:07:44,620 INFO  STATS trades=217 winrate=84% pnl=+2930.67 PF=6.32 bankroll=3030.67
2026-10-09 03:10:08,108 INFO  STATS trades=217 winrate=84% pnl=+2930.67 PF=6.32 bankroll=3030.67
2026-10-09 03:12:35,676 INFO  STATS trades=217 winrate=84% pnl=+2930.67 PF=6.32 bankroll=3030.67
2026-10-09 03:15:15,589 INFO  STATS trades=217 winrate=84% pnl=+2930.67 PF=6.32 bankroll=3030.67
2026-10-09 03:17:17,061 INFO  STATS trades=217 winrate=84% pnl=+2930.67 PF=6.32 bankroll=3030.67
2026-10-09 03:19:36,963 INFO  STATS trades=217 winrate=84% pnl=+2930.67 PF=6.32 bankroll=3030.67
2026-10-09 03:21:38,202 INFO  STATS trades=217 winrate=84% pnl=+2930.67 PF=6.32 bankroll=3030.67
2026-10-09 03:23:50,601 INFO  STATS trades=217 winrate=84% pnl=+2930.67 PF=6.32 bankroll=3030.67
2026-10-09 03:26:02,676 INFO  STATS trades=217 winrate=84% pnl=+2930.67 PF=6.32 bankroll=3030.67
2026-10-09 03:29:20,418 INFO  STATS trades=217 winrate=84% pnl=+2930.67 PF=6.32 bankroll=3030.67
2026-10-09 03:31:25,643 INFO  STATS trades=217 winrate=84% pnl=+2930.67 PF=6.32 bankroll=3030.67
2026-10-09 03:33:27,599 INFO  STATS trades=217 winrate=84% pnl=+2930.67 PF=6.32 bankroll=3030.67
2026-10-09 03:35:37,205 INFO  STATS trades=217 winrate=84% pnl=+2930.67 PF=6.32 bankroll=3030.67
2026-10-09 03:37:38,453 INFO  STATS trades=217 winrate=84% pnl=+2930.67 PF=6.32 bankroll=3030.67
2026-10-09 03:40:02,178 INFO  STATS trades=217 winrate=84% pnl=+2930.67 PF=6.32 bankroll=3030.67
2026-10-09 03:42:30,613 INFO  STATS trades=217 winrate=84% pnl=+2930.67 PF=6.32 bankroll=3030.67
2026-10-09 03:43:29,357 INFO  SIGNAL SOL UP @ 0.610 заблокирован (NO_LIQUIDITY)
2026-10-09 03:45:18,901 INFO  STATS trades=217 winrate=84% pnl=+2930.67 PF=6.32 bankroll=3030.67
2026-10-09 03:47:20,110 INFO  STATS trades=217 winrate=84% pnl=+2930.67 PF=6.32 bankroll=3030.67
2026-10-09 03:49:29,073 INFO  STATS trades=217 winrate=84% pnl=+2930.67 PF=6.32 bankroll=3030.67
2026-10-09 03:51:30,505 INFO  STATS trades=217 winrate=84% pnl=+2930.67 PF=6.32 bankroll=3030.67
2026-10-09 03:53:31,930 INFO  STATS trades=217 winrate=84% pnl=+2930.67 PF=6.32 bankroll=3030.67
2026-10-09 03:55:40,779 INFO  STATS trades=217 winrate=84% pnl=+2930.67 PF=6.32 bankroll=3030.67
2026-10-09 03:58:11,171 INFO  STATS trades=217 winrate=84% pnl=+2930.67 PF=6.32 bankroll=3030.67
2026-10-09 04:00:31,642 INFO  STATS trades=217 winrate=84% pnl=+2930.67 PF=6.32 bankroll=3030.67
2026-10-09 04:02:32,874 INFO  STATS trades=217 winrate=84% pnl=+2930.67 PF=6.32 bankroll=3030.67
2026-10-09 04:04:46,143 INFO  STATS trades=217 winrate=84% pnl=+2930.67 PF=6.32 bankroll=3030.67
2026-10-09 04:06:47,416 INFO  STATS trades=217 winrate=84% pnl=+2930.67 PF=6.32 bankroll=3030.67
2026-10-09 04:08:50,535 INFO  STATS trades=217 winrate=84% pnl=+2930.67 PF=6.32 bankroll=3030.67
2026-10-09 04:11:01,819 INFO  STATS trades=217 winrate=84% pnl=+2930.67 PF=6.32 bankroll=3030.67
2026-10-09 04:13:49,321 INFO  STATS trades=217 winrate=84% pnl=+2930.67 PF=6.32 bankroll=3030.67
2026-10-09 04:16:02,966 INFO  STATS trades=217 winrate=84% pnl=+2930.67 PF=6.32 bankroll=3030.67
2026-10-09 04:18:04,722 INFO  STATS trades=217 winrate=84% pnl=+2930.67 PF=6.32 bankroll=3030.67
2026-10-09 04:20:13,713 INFO  STATS trades=217 winrate=84% pnl=+2930.67 PF=6.32 bankroll=3030.67
2026-10-09 04:22:14,971 INFO  STATS trades=217 winrate=84% pnl=+2930.67 PF=6.32 bankroll=3030.67
2026-10-09 04:24:24,545 INFO  STATS trades=217 winrate=84% pnl=+2930.67 PF=6.32 bankroll=3030.67
2026-10-09 04:26:33,397 INFO  STATS trades=217 winrate=84% pnl=+2930.67 PF=6.32 bankroll=3030.67
2026-10-09 04:29:14,418 INFO  STATS trades=217 winrate=84% pnl=+2930.67 PF=6.32 bankroll=3030.67
2026-10-09 04:31:19,343 INFO  STATS trades=217 winrate=84% pnl=+2930.67 PF=6.32 bankroll=3030.67
2026-10-09 04:33:20,657 INFO  STATS trades=217 winrate=84% pnl=+2930.67 PF=6.32 bankroll=3030.67
2026-10-09 04:35:28,612 INFO  STATS trades=217 winrate=84% pnl=+2930.67 PF=6.32 bankroll=3030.67
2026-10-09 04:37:29,924 INFO  STATS trades=217 winrate=84% pnl=+2930.67 PF=6.32 bankroll=3030.67
2026-10-09 04:39:44,482 INFO  STATS trades=217 winrate=84% pnl=+2930.67 PF=6.32 bankroll=3030.67
2026-10-09 04:55:49,156 INFO  State loaded: bankroll=3030.67, open=0
2026-10-09 04:55:49,157 INFO  PolyBot started mode=paper assets=['BTC', 'ETH', 'SOL', 'XRP'] bankroll=3031
2026-10-09 04:57:48,524 INFO  STATS trades=217 winrate=84% pnl=+2930.67 PF=6.32 bankroll=3030.67
2026-10-09 04:59:49,344 INFO  STATS trades=217 winrate=84% pnl=+2930.67 PF=6.32 bankroll=3030.67
2026-10-09 05:01:50,103 INFO  STATS trades=217 winrate=84% pnl=+2930.67 PF=6.32 bankroll=3030.67
2026-10-09 05:03:52,860 INFO  STATS trades=217 winrate=84% pnl=+2930.67 PF=6.32 bankroll=3030.67
2026-10-09 05:06:01,821 INFO  STATS trades=217 winrate=84% pnl=+2930.67 PF=6.32 bankroll=3030.67
2026-10-09 05:08:02,710 INFO  STATS trades=217 winrate=84% pnl=+2930.67 PF=6.32 bankroll=3030.67
2026-10-09 05:10:07,287 INFO  STATS trades=217 winrate=84% pnl=+2930.67 PF=6.32 bankroll=3030.67
2026-10-09 05:12:30,223 INFO  STATS trades=217 winrate=84% pnl=+2930.67 PF=6.32 bankroll=3030.67
2026-10-09 05:15:05,307 INFO  STATS trades=217 winrate=84% pnl=+2930.67 PF=6.32 bankroll=3030.67
2026-10-09 05:17:06,254 INFO  STATS trades=217 winrate=84% pnl=+2930.67 PF=6.32 bankroll=3030.67
2026-10-09 05:19:16,314 INFO  STATS trades=217 winrate=84% pnl=+2930.67 PF=6.32 bankroll=3030.67
2026-10-09 05:21:20,816 INFO  STATS trades=217 winrate=84% pnl=+2930.67 PF=6.32 bankroll=3030.67
2026-10-09 05:23:21,480 INFO  STATS trades=217 winrate=84% pnl=+2930.67 PF=6.32 bankroll=3030.67
2026-10-09 05:25:28,784 INFO  STATS trades=217 winrate=84% pnl=+2930.67 PF=6.32 bankroll=3030.67
2026-10-09 05:28:00,204 INFO  STATS trades=217 winrate=84% pnl=+2930.67 PF=6.32 bankroll=3030.67
2026-10-09 05:30:37,770 INFO  STATS trades=217 winrate=84% pnl=+2930.67 PF=6.32 bankroll=3030.67
2026-10-09 05:32:38,561 INFO  STATS trades=217 winrate=84% pnl=+2930.67 PF=6.32 bankroll=3030.67
2026-10-09 05:34:51,156 INFO  STATS trades=217 winrate=84% pnl=+2930.67 PF=6.32 bankroll=3030.67
2026-10-09 05:36:52,033 INFO  STATS trades=217 winrate=84% pnl=+2930.67 PF=6.32 bankroll=3030.67
2026-10-09 05:38:53,691 INFO  STATS trades=217 winrate=84% pnl=+2930.67 PF=6.32 bankroll=3030.67
2026-10-09 05:40:57,320 INFO  STATS trades=217 winrate=84% pnl=+2930.67 PF=6.32 bankroll=3030.67
2026-10-09 05:43:07,148 INFO  STATS trades=217 winrate=84% pnl=+2930.67 PF=6.32 bankroll=3030.67
2026-10-09 05:45:14,182 INFO  STATS trades=217 winrate=84% pnl=+2930.67 PF=6.32 bankroll=3030.67
2026-10-09 05:47:15,004 INFO  STATS trades=217 winrate=84% pnl=+2930.67 PF=6.32 bankroll=3030.67
2026-10-09 05:49:27,306 INFO  STATS trades=217 winrate=84% pnl=+2930.67 PF=6.32 bankroll=3030.67
2026-10-09 05:51:28,295 INFO  STATS trades=217 winrate=84% pnl=+2930.67 PF=6.32 bankroll=3030.67
2026-10-09 05:53:29,173 INFO  STATS trades=217 winrate=84% pnl=+2930.67 PF=6.32 bankroll=3030.67
2026-10-09 05:55:33,345 INFO  STATS trades=217 winrate=84% pnl=+2930.67 PF=6.32 bankroll=3030.67
2026-10-09 05:58:06,146 INFO  STATS trades=217 winrate=84% pnl=+2930.67 PF=6.32 bankroll=3030.67
2026-10-09 06:00:30,478 INFO  STATS trades=217 winrate=84% pnl=+2930.67 PF=6.32 bankroll=3030.67
2026-10-09 06:02:31,303 INFO  STATS trades=217 winrate=84% pnl=+2930.67 PF=6.32 bankroll=3030.67
2026-10-09 06:04:43,512 INFO  STATS trades=217 winrate=84% pnl=+2930.67 PF=6.32 bankroll=3030.67
2026-10-09 06:06:44,250 INFO  STATS trades=217 winrate=84% pnl=+2930.67 PF=6.32 bankroll=3030.67
2026-10-09 06:08:45,631 INFO  STATS trades=217 winrate=84% pnl=+2930.67 PF=6.32 bankroll=3030.67
2026-10-09 06:10:50,196 INFO  STATS trades=217 winrate=84% pnl=+2930.67 PF=6.32 bankroll=3030.67
2026-10-09 06:13:23,460 INFO  STATS trades=217 winrate=84% pnl=+2930.67 PF=6.32 bankroll=3030.67
2026-10-09 06:15:43,051 INFO  STATS trades=217 winrate=84% pnl=+2930.67 PF=6.32 bankroll=3030.67
2026-10-09 06:17:43,783 INFO  STATS trades=217 winrate=84% pnl=+2930.67 PF=6.32 bankroll=3030.67
2026-10-09 06:19:48,247 INFO  STATS trades=217 winrate=84% pnl=+2930.67 PF=6.32 bankroll=3030.67
2026-10-09 06:21:48,942 INFO  STATS trades=217 winrate=84% pnl=+2930.67 PF=6.32 bankroll=3030.67
2026-10-09 06:23:50,452 INFO  STATS trades=217 winrate=84% pnl=+2930.67 PF=6.32 bankroll=3030.67
2026-10-09 06:25:54,446 INFO  STATS trades=217 winrate=84% pnl=+2930.67 PF=6.32 bankroll=3030.67
2026-10-09 06:28:10,712 INFO  STATS trades=217 winrate=84% pnl=+2930.67 PF=6.32 bankroll=3030.67
2026-10-09 06:30:18,026 INFO  STATS trades=217 winrate=84% pnl=+2930.67 PF=6.32 bankroll=3030.67
2026-10-09 06:32:18,821 INFO  STATS trades=217 winrate=84% pnl=+2930.67 PF=6.32 bankroll=3030.67
2026-10-09 06:34:23,375 INFO  STATS trades=217 winrate=84% pnl=+2930.67 PF=6.32 bankroll=3030.67
2026-10-09 06:36:24,823 INFO  STATS trades=217 winrate=84% pnl=+2930.67 PF=6.32 bankroll=3030.67
2026-10-09 06:38:25,677 INFO  STATS trades=217 winrate=84% pnl=+2930.67 PF=6.32 bankroll=3030.67
2026-10-09 06:40:31,355 INFO  STATS trades=217 winrate=84% pnl=+2930.67 PF=6.32 bankroll=3030.67
2026-10-09 06:42:59,112 INFO  STATS trades=217 winrate=84% pnl=+2930.67 PF=6.32 bankroll=3030.67
2026-10-09 06:45:18,581 INFO  STATS trades=217 winrate=84% pnl=+2930.67 PF=6.32 bankroll=3030.67
2026-10-09 06:47:19,342 INFO  STATS trades=217 winrate=84% pnl=+2930.67 PF=6.32 bankroll=3030.67
2026-10-09 06:49:31,936 INFO  STATS trades=217 winrate=84% pnl=+2930.67 PF=6.32 bankroll=3030.67
2026-10-09 06:51:32,759 INFO  STATS trades=217 winrate=84% pnl=+2930.67 PF=6.32 bankroll=3030.67
2026-10-09 06:53:34,717 INFO  STATS trades=217 winrate=84% pnl=+2930.67 PF=6.32 bankroll=3030.67
2026-10-09 06:55:42,906 INFO  STATS trades=217 winrate=84% pnl=+2930.67 PF=6.32 bankroll=3030.67
2026-10-09 06:58:04,218 INFO  STATS trades=217 winrate=84% pnl=+2930.67 PF=6.32 bankroll=3030.67
2026-10-09 07:00:23,727 INFO  STATS trades=217 winrate=84% pnl=+2930.67 PF=6.32 bankroll=3030.67
2026-10-09 07:02:24,372 INFO  STATS trades=217 winrate=84% pnl=+2930.67 PF=6.32 bankroll=3030.67
2026-10-09 07:04:35,293 INFO  STATS trades=217 winrate=84% pnl=+2930.67 PF=6.32 bankroll=3030.67
2026-10-09 07:06:36,100 INFO  STATS trades=217 winrate=84% pnl=+2930.67 PF=6.32 bankroll=3030.67
2026-10-09 07:08:36,857 INFO  STATS trades=217 winrate=84% pnl=+2930.67 PF=6.32 bankroll=3030.67
2026-10-09 07:10:44,439 INFO  STATS trades=217 winrate=84% pnl=+2930.67 PF=6.32 bankroll=3030.67
2026-10-09 07:13:03,663 INFO  STATS trades=217 winrate=84% pnl=+2930.67 PF=6.32 bankroll=3030.67
2026-10-09 07:15:17,824 INFO  STATS trades=217 winrate=84% pnl=+2930.67 PF=6.32 bankroll=3030.67
2026-10-09 07:17:18,558 INFO  STATS trades=217 winrate=84% pnl=+2930.67 PF=6.32 bankroll=3030.67
2026-10-09 07:19:31,543 INFO  STATS trades=217 winrate=84% pnl=+2930.67 PF=6.32 bankroll=3030.67
2026-10-09 07:21:32,298 INFO  STATS trades=217 winrate=84% pnl=+2930.67 PF=6.32 bankroll=3030.67
2026-10-09 07:23:34,214 INFO  STATS trades=217 winrate=84% pnl=+2930.67 PF=6.32 bankroll=3030.67
2026-10-09 07:25:43,094 INFO  STATS trades=217 winrate=84% pnl=+2930.67 PF=6.32 bankroll=3030.67
2026-10-09 07:27:43,633 INFO  STATS trades=217 winrate=84% pnl=+2930.67 PF=6.32 bankroll=3030.67
2026-10-09 07:29:44,367 INFO  STATS trades=217 winrate=84% pnl=+2930.67 PF=6.32 bankroll=3030.67
2026-10-09 07:31:45,165 INFO  STATS trades=217 winrate=84% pnl=+2930.67 PF=6.32 bankroll=3030.67
2026-10-09 07:33:46,646 INFO  STATS trades=217 winrate=84% pnl=+2930.67 PF=6.32 bankroll=3030.67
2026-10-09 07:35:58,817 INFO  STATS trades=217 winrate=84% pnl=+2930.67 PF=6.32 bankroll=3030.67
2026-10-09 07:37:59,675 INFO  STATS trades=217 winrate=84% pnl=+2930.67 PF=6.32 bankroll=3030.67
2026-10-09 07:40:05,419 INFO  STATS trades=217 winrate=84% pnl=+2930.67 PF=6.32 bankroll=3030.67
2026-10-09 07:42:15,416 INFO  STATS trades=217 winrate=84% pnl=+2930.67 PF=6.32 bankroll=3030.67
2026-10-09 07:44:32,247 INFO  STATS trades=217 winrate=84% pnl=+2930.67 PF=6.32 bankroll=3030.67
2026-10-09 07:46:33,023 INFO  STATS trades=217 winrate=84% pnl=+2930.67 PF=6.32 bankroll=3030.67
2026-10-09 07:48:33,869 INFO  STATS trades=217 winrate=84% pnl=+2930.67 PF=6.32 bankroll=3030.67
2026-10-09 07:50:39,729 INFO  STATS trades=217 winrate=84% pnl=+2930.67 PF=6.32 bankroll=3030.67
2026-10-09 07:52:40,397 INFO  STATS trades=217 winrate=84% pnl=+2930.67 PF=6.32 bankroll=3030.67
2026-10-09 07:54:47,814 INFO  STATS trades=217 winrate=84% pnl=+2930.67 PF=6.32 bankroll=3030.67
2026-10-09 07:56:56,018 INFO  STATS trades=217 winrate=84% pnl=+2930.67 PF=6.32 bankroll=3030.67
2026-10-09 07:59:23,826 INFO  STATS trades=217 winrate=84% pnl=+2930.67 PF=6.32 bankroll=3030.67
2026-10-09 08:01:25,796 INFO  STATS trades=217 winrate=84% pnl=+2930.67 PF=6.32 bankroll=3030.67
2026-10-09 08:03:26,709 INFO  STATS trades=217 winrate=84% pnl=+2930.67 PF=6.32 bankroll=3030.67
2026-10-09 08:05:33,973 INFO  STATS trades=217 winrate=84% pnl=+2930.67 PF=6.32 bankroll=3030.67
2026-10-09 08:07:34,745 INFO  STATS trades=217 winrate=84% pnl=+2930.67 PF=6.32 bankroll=3030.67
2026-10-09 08:09:43,203 INFO  STATS trades=217 winrate=84% pnl=+2930.67 PF=6.32 bankroll=3030.67
2026-10-09 08:11:49,257 INFO  STATS trades=217 winrate=84% pnl=+2930.67 PF=6.32 bankroll=3030.67
2026-10-09 08:14:09,571 INFO  STATS trades=217 winrate=84% pnl=+2930.67 PF=6.32 bankroll=3030.67
2026-10-09 08:16:14,225 INFO  STATS trades=217 winrate=84% pnl=+2930.67 PF=6.32 bankroll=3030.67
2026-10-09 08:18:15,028 INFO  STATS trades=217 winrate=84% pnl=+2930.67 PF=6.32 bankroll=3030.67
2026-10-09 08:20:21,469 INFO  STATS trades=217 winrate=84% pnl=+2930.67 PF=6.32 bankroll=3030.67
2026-10-09 08:22:22,109 INFO  STATS trades=217 winrate=84% pnl=+2930.67 PF=6.32 bankroll=3030.67
2026-10-09 08:24:32,301 INFO  STATS trades=217 winrate=84% pnl=+2930.67 PF=6.32 bankroll=3030.67
2026-10-09 08:26:33,136 INFO  STATS trades=217 winrate=84% pnl=+2930.67 PF=6.32 bankroll=3030.67
2026-10-09 08:28:34,101 INFO  STATS trades=217 winrate=84% pnl=+2930.67 PF=6.32 bankroll=3030.67
2026-10-09 08:30:34,972 INFO  STATS trades=217 winrate=84% pnl=+2930.67 PF=6.32 bankroll=3030.67
2026-10-09 08:32:35,810 INFO  STATS trades=217 winrate=84% pnl=+2930.67 PF=6.32 bankroll=3030.67
2026-10-09 08:34:43,098 INFO  STATS trades=217 winrate=84% pnl=+2930.67 PF=6.32 bankroll=3030.67
2026-10-09 08:36:43,825 INFO  STATS trades=217 winrate=84% pnl=+2930.67 PF=6.32 bankroll=3030.67
2026-10-09 08:38:46,236 INFO  STATS trades=217 winrate=84% pnl=+2930.67 PF=6.32 bankroll=3030.67
2026-10-09 08:40:53,921 INFO  STATS trades=217 winrate=84% pnl=+2930.67 PF=6.32 bankroll=3030.67
2026-10-09 08:43:09,383 INFO  STATS trades=217 winrate=84% pnl=+2930.67 PF=6.32 bankroll=3030.67
2026-10-09 08:45:22,075 INFO  STATS trades=217 winrate=84% pnl=+2930.67 PF=6.32 bankroll=3030.67
2026-10-09 08:47:22,910 INFO  STATS trades=217 winrate=84% pnl=+2930.67 PF=6.32 bankroll=3030.67
2026-10-09 08:49:28,587 INFO  STATS trades=217 winrate=84% pnl=+2930.67 PF=6.32 bankroll=3030.67
2026-10-09 08:51:29,344 INFO  STATS trades=217 winrate=84% pnl=+2930.67 PF=6.32 bankroll=3030.67
2026-10-09 08:53:30,115 INFO  STATS trades=217 winrate=84% pnl=+2930.67 PF=6.32 bankroll=3030.67
2026-10-09 08:55:35,563 INFO  STATS trades=217 winrate=84% pnl=+2930.67 PF=6.32 bankroll=3030.67
2026-10-09 08:58:10,266 INFO  STATS trades=217 winrate=84% pnl=+2930.67 PF=6.32 bankroll=3030.67
2026-10-09 09:00:36,453 INFO  STATS trades=217 winrate=84% pnl=+2930.67 PF=6.32 bankroll=3030.67
2026-10-09 09:02:37,228 INFO  STATS trades=217 winrate=84% pnl=+2930.67 PF=6.32 bankroll=3030.67
2026-10-09 09:04:45,182 INFO  STATS trades=217 winrate=84% pnl=+2930.67 PF=6.32 bankroll=3030.67
2026-10-09 09:06:45,811 INFO  STATS trades=217 winrate=84% pnl=+2930.67 PF=6.32 bankroll=3030.67
2026-10-09 09:08:46,386 INFO  STATS trades=217 winrate=84% pnl=+2930.67 PF=6.32 bankroll=3030.67
2026-10-09 09:10:50,600 INFO  STATS trades=217 winrate=84% pnl=+2930.67 PF=6.32 bankroll=3030.67
2026-10-09 09:13:19,174 INFO  STATS trades=217 winrate=84% pnl=+2930.67 PF=6.32 bankroll=3030.67
2026-10-09 09:15:33,403 INFO  STATS trades=217 winrate=84% pnl=+2930.67 PF=6.32 bankroll=3030.67
2026-10-09 09:17:33,992 INFO  STATS trades=217 winrate=84% pnl=+2930.67 PF=6.32 bankroll=3030.67
2026-10-09 09:19:46,378 INFO  STATS trades=217 winrate=84% pnl=+2930.67 PF=6.32 bankroll=3030.67
2026-10-09 09:21:47,196 INFO  STATS trades=217 winrate=84% pnl=+2930.67 PF=6.32 bankroll=3030.67
2026-10-09 09:23:48,535 INFO  STATS trades=217 winrate=84% pnl=+2930.67 PF=6.32 bankroll=3030.67
2026-10-09 09:25:56,024 INFO  STATS trades=217 winrate=84% pnl=+2930.67 PF=6.32 bankroll=3030.67
2026-10-09 09:28:27,647 INFO  STATS trades=217 winrate=84% pnl=+2930.67 PF=6.32 bankroll=3030.67
2026-10-09 09:30:41,834 INFO  STATS trades=217 winrate=84% pnl=+2930.67 PF=6.32 bankroll=3030.67
2026-10-09 09:32:42,567 INFO  STATS trades=217 winrate=84% pnl=+2930.67 PF=6.32 bankroll=3030.67
2026-10-09 09:34:55,461 INFO  STATS trades=217 winrate=84% pnl=+2930.67 PF=6.32 bankroll=3030.67
2026-10-09 09:36:56,148 INFO  STATS trades=217 winrate=84% pnl=+2930.67 PF=6.32 bankroll=3030.67
2026-10-09 09:38:58,242 INFO  STATS trades=217 winrate=84% pnl=+2930.67 PF=6.32 bankroll=3030.67
2026-10-09 09:41:02,215 INFO  STATS trades=217 winrate=84% pnl=+2930.67 PF=6.32 bankroll=3030.67
2026-10-09 09:43:17,946 INFO  STATS trades=217 winrate=84% pnl=+2930.67 PF=6.32 bankroll=3030.67
2026-10-09 09:45:27,262 INFO  STATS trades=217 winrate=84% pnl=+2930.67 PF=6.32 bankroll=3030.67
2026-10-09 09:47:28,066 INFO  STATS trades=217 winrate=84% pnl=+2930.67 PF=6.32 bankroll=3030.67
2026-10-09 09:49:40,556 INFO  STATS trades=217 winrate=84% pnl=+2930.67 PF=6.32 bankroll=3030.67
2026-10-09 09:51:41,384 INFO  STATS trades=217 winrate=84% pnl=+2930.67 PF=6.32 bankroll=3030.67
2026-10-09 09:53:43,690 INFO  STATS trades=217 winrate=84% pnl=+2930.67 PF=6.32 bankroll=3030.67
2026-10-09 09:55:49,033 INFO  STATS trades=217 winrate=84% pnl=+2930.67 PF=6.32 bankroll=3030.67
2026-10-09 09:57:49,724 INFO  STATS trades=217 winrate=84% pnl=+2930.67 PF=6.32 bankroll=3030.67
2026-10-09 09:59:50,433 INFO  STATS trades=217 winrate=84% pnl=+2930.67 PF=6.32 bankroll=3030.67
2026-10-09 10:01:51,253 INFO  STATS trades=217 winrate=84% pnl=+2930.67 PF=6.32 bankroll=3030.67
2026-10-09 10:03:53,034 INFO  STATS trades=217 winrate=84% pnl=+2930.67 PF=6.32 bankroll=3030.67
2026-10-09 10:05:56,780 INFO  STATS trades=217 winrate=84% pnl=+2930.67 PF=6.32 bankroll=3030.67
2026-10-09 10:07:57,579 INFO  STATS trades=217 winrate=84% pnl=+2930.67 PF=6.32 bankroll=3030.67
2026-10-09 10:10:07,833 INFO  STATS trades=217 winrate=84% pnl=+2930.67 PF=6.32 bankroll=3030.67
2026-10-09 10:12:19,481 INFO  STATS trades=217 winrate=84% pnl=+2930.67 PF=6.32 bankroll=3030.67
2026-10-09 10:14:38,328 INFO  STATS trades=217 winrate=84% pnl=+2930.67 PF=6.32 bankroll=3030.67
2026-10-09 10:16:39,019 INFO  STATS trades=217 winrate=84% pnl=+2930.67 PF=6.32 bankroll=3030.67
2026-10-09 10:18:41,181 INFO  STATS trades=217 winrate=84% pnl=+2930.67 PF=6.32 bankroll=3030.67
2026-10-09 10:20:49,046 INFO  STATS trades=217 winrate=84% pnl=+2930.67 PF=6.32 bankroll=3030.67
2026-10-09 10:22:50,037 INFO  STATS trades=217 winrate=84% pnl=+2930.67 PF=6.32 bankroll=3030.67
2026-10-09 10:24:54,526 INFO  STATS trades=217 winrate=84% pnl=+2930.67 PF=6.32 bankroll=3030.67
2026-10-09 10:26:59,250 INFO  STATS trades=217 winrate=84% pnl=+2930.67 PF=6.32 bankroll=3030.67
2026-10-09 10:29:14,958 INFO  STATS trades=217 winrate=84% pnl=+2930.67 PF=6.32 bankroll=3030.67
2026-10-09 10:31:18,481 INFO  STATS trades=217 winrate=84% pnl=+2930.67 PF=6.32 bankroll=3030.67
2026-10-09 10:33:19,206 INFO  STATS trades=217 winrate=84% pnl=+2930.67 PF=6.32 bankroll=3030.67
2026-10-09 10:35:32,583 INFO  STATS trades=217 winrate=84% pnl=+2930.67 PF=6.32 bankroll=3030.67
2026-10-09 12:42:13,397 INFO  State loaded: bankroll=3030.67, open=0
2026-10-09 12:42:13,397 INFO  PolyBot started mode=paper assets=['BTC', 'ETH', 'SOL', 'XRP'] bankroll=3031
2026-10-09 12:44:50,581 INFO  STATS trades=217 winrate=84% pnl=+2930.67 PF=6.32 bankroll=3030.67
2026-10-09 12:46:51,462 INFO  STATS trades=217 winrate=84% pnl=+2930.67 PF=6.32 bankroll=3030.67
2026-10-09 12:48:53,391 INFO  STATS trades=217 winrate=84% pnl=+2930.67 PF=6.32 bankroll=3030.67
2026-10-09 12:50:58,405 INFO  STATS trades=217 winrate=84% pnl=+2930.67 PF=6.32 bankroll=3030.67
2026-10-09 12:53:01,135 INFO  STATS trades=217 winrate=84% pnl=+2930.67 PF=6.32 bankroll=3030.67
2026-10-09 12:55:14,591 INFO  STATS trades=217 winrate=84% pnl=+2930.67 PF=6.32 bankroll=3030.67
2026-10-09 12:57:27,556 INFO  STATS trades=217 winrate=84% pnl=+2930.67 PF=6.32 bankroll=3030.67
2026-10-09 12:59:48,214 INFO  STATS trades=217 winrate=84% pnl=+2930.67 PF=6.32 bankroll=3030.67
2026-10-09 13:01:49,043 INFO  STATS trades=217 winrate=84% pnl=+2930.67 PF=6.32 bankroll=3030.67
2026-10-09 13:03:51,257 INFO  STATS trades=217 winrate=84% pnl=+2930.67 PF=6.32 bankroll=3030.67
2026-10-09 13:05:57,748 INFO  STATS trades=217 winrate=84% pnl=+2930.67 PF=6.32 bankroll=3030.67
2026-10-09 13:07:58,807 INFO  STATS trades=217 winrate=84% pnl=+2930.67 PF=6.32 bankroll=3030.67
2026-10-09 13:10:09,846 INFO  STATS trades=217 winrate=84% pnl=+2930.67 PF=6.32 bankroll=3030.67
2026-10-09 13:12:27,288 INFO  STATS trades=217 winrate=84% pnl=+2930.67 PF=6.32 bankroll=3030.67
2026-10-09 13:15:00,850 INFO  STATS trades=217 winrate=84% pnl=+2930.67 PF=6.32 bankroll=3030.67
2026-10-09 13:17:01,698 INFO  STATS trades=217 winrate=84% pnl=+2930.67 PF=6.32 bankroll=3030.67
2026-10-09 13:19:07,653 INFO  STATS trades=217 winrate=84% pnl=+2930.67 PF=6.32 bankroll=3030.67
2026-10-09 13:21:11,233 INFO  STATS trades=217 winrate=84% pnl=+2930.67 PF=6.32 bankroll=3030.67
2026-10-09 13:23:15,407 INFO  STATS trades=217 winrate=84% pnl=+2930.67 PF=6.32 bankroll=3030.67
2026-10-09 13:25:28,018 INFO  STATS trades=217 winrate=84% pnl=+2930.67 PF=6.32 bankroll=3030.67
2026-10-09 13:28:00,521 INFO  STATS trades=217 winrate=84% pnl=+2930.67 PF=6.32 bankroll=3030.67
2026-10-09 13:30:29,421 INFO  STATS trades=217 winrate=84% pnl=+2930.67 PF=6.32 bankroll=3030.67
2026-10-09 13:32:30,585 INFO  STATS trades=217 winrate=84% pnl=+2930.67 PF=6.32 bankroll=3030.67
2026-10-09 13:34:47,173 INFO  STATS trades=217 winrate=84% pnl=+2930.67 PF=6.32 bankroll=3030.67
2026-10-09 13:36:48,157 INFO  STATS trades=217 winrate=84% pnl=+2930.67 PF=6.32 bankroll=3030.67
2026-10-09 13:38:58,014 INFO  STATS trades=217 winrate=84% pnl=+2930.67 PF=6.32 bankroll=3030.67
2026-10-09 13:41:07,823 INFO  STATS trades=217 winrate=84% pnl=+2930.67 PF=6.32 bankroll=3030.67
2026-10-09 13:43:54,066 INFO  [PAPER] BUY ETH DOWN @ 0.570 $149.69 (PAPER) conf=0.777 move=-0.145%
2026-10-09 13:44:09,653 INFO  STATS trades=217 winrate=84% pnl=+2930.67 PF=6.32 bankroll=3030.67
2026-10-09 13:46:19,040 INFO  STATS trades=217 winrate=84% pnl=+2930.67 PF=6.32 bankroll=3030.67
2026-10-09 13:46:35,637 INFO  WIN  ETH DOWN pnl=+112.92 bankroll=3143.59
2026-10-09 13:48:20,336 INFO  STATS trades=218 winrate=84% pnl=+3043.59 PF=6.53 bankroll=3143.59
2026-10-09 13:50:21,129 INFO  STATS trades=218 winrate=84% pnl=+3043.59 PF=6.53 bankroll=3143.59
2026-10-09 13:52:21,983 INFO  STATS trades=218 winrate=84% pnl=+3043.59 PF=6.53 bankroll=3143.59
2026-10-09 13:54:31,438 INFO  STATS trades=218 winrate=84% pnl=+3043.59 PF=6.53 bankroll=3143.59
2026-10-09 13:56:32,196 INFO  STATS trades=218 winrate=84% pnl=+3043.59 PF=6.53 bankroll=3143.59
2026-10-09 13:58:33,277 INFO  STATS trades=218 winrate=84% pnl=+3043.59 PF=6.53 bankroll=3143.59
2026-10-09 14:00:33,955 INFO  STATS trades=218 winrate=84% pnl=+3043.59 PF=6.53 bankroll=3143.59
2026-10-09 14:02:34,775 INFO  STATS trades=218 winrate=84% pnl=+3043.59 PF=6.53 bankroll=3143.59
2026-10-09 14:04:40,790 INFO  STATS trades=218 winrate=84% pnl=+3043.59 PF=6.53 bankroll=3143.59
2026-10-09 14:06:41,666 INFO  STATS trades=218 winrate=84% pnl=+3043.59 PF=6.53 bankroll=3143.59
2026-10-09 14:08:42,692 INFO  STATS trades=218 winrate=84% pnl=+3043.59 PF=6.53 bankroll=3143.59
2026-10-09 14:10:54,791 INFO  STATS trades=218 winrate=84% pnl=+3043.59 PF=6.53 bankroll=3143.59
2026-10-09 14:11:16,617 INFO  SIGNAL XRP UP @ 0.520 заблокирован (NO_LIQUIDITY)
2026-10-09 14:11:19,177 INFO  SIGNAL SOL UP @ 0.550 заблокирован (NO_LIQUIDITY)
2026-10-09 14:13:15,751 INFO  STATS trades=218 winrate=84% pnl=+3043.59 PF=6.53 bankroll=3143.59
2026-10-09 14:15:33,568 INFO  STATS trades=218 winrate=84% pnl=+3043.59 PF=6.53 bankroll=3143.59
2026-10-09 14:17:34,705 INFO  STATS trades=218 winrate=84% pnl=+3043.59 PF=6.53 bankroll=3143.59
2026-10-09 14:19:51,458 INFO  STATS trades=218 winrate=84% pnl=+3043.59 PF=6.53 bankroll=3143.59
2026-10-09 14:21:52,102 INFO  STATS trades=218 winrate=84% pnl=+3043.59 PF=6.53 bankroll=3143.59
2026-10-09 14:23:59,348 INFO  STATS trades=218 winrate=84% pnl=+3043.59 PF=6.53 bankroll=3143.59
2026-10-09 14:26:08,907 INFO  STATS trades=218 winrate=84% pnl=+3043.59 PF=6.53 bankroll=3143.59
2026-10-09 14:29:04,096 INFO  STATS trades=218 winrate=84% pnl=+3043.59 PF=6.53 bankroll=3143.59
2026-10-09 14:31:13,184 INFO  STATS trades=218 winrate=84% pnl=+3043.59 PF=6.53 bankroll=3143.59
2026-10-09 14:33:17,598 INFO  STATS trades=218 winrate=84% pnl=+3043.59 PF=6.53 bankroll=3143.59
2026-10-09 14:35:29,800 INFO  STATS trades=218 winrate=84% pnl=+3043.59 PF=6.53 bankroll=3143.59
2026-10-09 14:37:30,644 INFO  STATS trades=218 winrate=84% pnl=+3043.59 PF=6.53 bankroll=3143.59
2026-10-09 14:39:47,348 INFO  STATS trades=218 winrate=84% pnl=+3043.59 PF=6.53 bankroll=3143.59
2026-10-09 14:41:48,859 INFO  STATS trades=218 winrate=84% pnl=+3043.59 PF=6.53 bankroll=3143.59
2026-10-09 14:43:49,866 INFO  STATS trades=218 winrate=84% pnl=+3043.59 PF=6.53 bankroll=3143.59
2026-10-09 14:45:51,045 INFO  STATS trades=218 winrate=84% pnl=+3043.59 PF=6.53 bankroll=3143.59
2026-10-09 14:47:52,597 INFO  STATS trades=218 winrate=84% pnl=+3043.59 PF=6.53 bankroll=3143.59
2026-10-09 14:50:08,320 INFO  STATS trades=218 winrate=84% pnl=+3043.59 PF=6.53 bankroll=3143.59
2026-10-09 14:52:09,163 INFO  STATS trades=218 winrate=84% pnl=+3043.59 PF=6.53 bankroll=3143.59
2026-10-09 14:54:10,030 INFO  STATS trades=218 winrate=84% pnl=+3043.59 PF=6.53 bankroll=3143.59
2026-10-09 14:56:10,818 INFO  STATS trades=218 winrate=84% pnl=+3043.59 PF=6.53 bankroll=3143.59
2026-10-09 14:58:12,600 INFO  STATS trades=218 winrate=84% pnl=+3043.59 PF=6.53 bankroll=3143.59
2026-10-09 15:00:13,792 INFO  STATS trades=218 winrate=84% pnl=+3043.59 PF=6.53 bankroll=3143.59
2026-10-09 15:02:15,259 INFO  STATS trades=218 winrate=84% pnl=+3043.59 PF=6.53 bankroll=3143.59
2026-10-09 15:04:33,990 INFO  STATS trades=218 winrate=84% pnl=+3043.59 PF=6.53 bankroll=3143.59
2026-10-09 15:06:35,264 INFO  STATS trades=218 winrate=84% pnl=+3043.59 PF=6.53 bankroll=3143.59
2026-10-09 15:08:42,390 INFO  STATS trades=218 winrate=84% pnl=+3043.59 PF=6.53 bankroll=3143.59
2026-10-09 15:10:52,397 INFO  STATS trades=218 winrate=84% pnl=+3043.59 PF=6.53 bankroll=3143.59
2026-10-09 15:13:30,554 INFO  STATS trades=218 winrate=84% pnl=+3043.59 PF=6.53 bankroll=3143.59
2026-10-09 15:15:51,277 INFO  STATS trades=218 winrate=84% pnl=+3043.59 PF=6.53 bankroll=3143.59
2026-10-09 15:17:52,371 INFO  STATS trades=218 winrate=84% pnl=+3043.59 PF=6.53 bankroll=3143.59
2026-10-09 15:20:06,948 INFO  STATS trades=218 winrate=84% pnl=+3043.59 PF=6.53 bankroll=3143.59
2026-10-09 15:22:07,822 INFO  STATS trades=218 winrate=84% pnl=+3043.59 PF=6.53 bankroll=3143.59
2026-10-09 15:24:11,733 INFO  STATS trades=218 winrate=84% pnl=+3043.59 PF=6.53 bankroll=3143.59
2026-10-09 15:26:14,341 INFO  STATS trades=218 winrate=84% pnl=+3043.59 PF=6.53 bankroll=3143.59
2026-10-09 15:28:15,178 INFO  STATS trades=218 winrate=84% pnl=+3043.59 PF=6.53 bankroll=3143.59
2026-10-09 15:30:16,013 INFO  STATS trades=218 winrate=84% pnl=+3043.59 PF=6.53 bankroll=3143.59
2026-10-09 15:32:16,857 INFO  STATS trades=218 winrate=84% pnl=+3043.59 PF=6.53 bankroll=3143.59
2026-10-09 15:34:31,668 INFO  STATS trades=218 winrate=84% pnl=+3043.59 PF=6.53 bankroll=3143.59
2026-10-09 15:36:32,412 INFO  STATS trades=218 winrate=84% pnl=+3043.59 PF=6.53 bankroll=3143.59
2026-10-09 15:38:39,183 INFO  STATS trades=218 winrate=84% pnl=+3043.59 PF=6.53 bankroll=3143.59
2026-10-09 15:40:49,710 INFO  STATS trades=218 winrate=84% pnl=+3043.59 PF=6.53 bankroll=3143.59
2026-10-09 15:43:30,832 INFO  STATS trades=218 winrate=84% pnl=+3043.59 PF=6.53 bankroll=3143.59
2026-10-09 15:45:45,091 INFO  STATS trades=218 winrate=84% pnl=+3043.59 PF=6.53 bankroll=3143.59
2026-10-09 15:47:46,156 INFO  STATS trades=218 winrate=84% pnl=+3043.59 PF=6.53 bankroll=3143.59
2026-10-09 15:49:57,185 INFO  STATS trades=218 winrate=84% pnl=+3043.59 PF=6.53 bankroll=3143.59
2026-10-09 15:51:58,019 INFO  STATS trades=218 winrate=84% pnl=+3043.59 PF=6.53 bankroll=3143.59
2026-10-09 15:54:05,256 INFO  STATS trades=218 winrate=84% pnl=+3043.59 PF=6.53 bankroll=3143.59
2026-10-09 15:56:12,890 INFO  STATS trades=218 winrate=84% pnl=+3043.59 PF=6.53 bankroll=3143.59
2026-10-09 15:58:14,060 INFO  STATS trades=218 winrate=84% pnl=+3043.59 PF=6.53 bankroll=3143.59
2026-10-09 16:00:15,093 INFO  STATS trades=218 winrate=84% pnl=+3043.59 PF=6.53 bankroll=3143.59
2026-10-09 16:02:15,941 INFO  STATS trades=218 winrate=84% pnl=+3043.59 PF=6.53 bankroll=3143.59
2026-10-09 16:04:32,743 INFO  STATS trades=218 winrate=84% pnl=+3043.59 PF=6.53 bankroll=3143.59
2026-10-09 16:06:33,724 INFO  STATS trades=218 winrate=84% pnl=+3043.59 PF=6.53 bankroll=3143.59
2026-10-09 16:08:34,684 INFO  STATS trades=218 winrate=84% pnl=+3043.59 PF=6.53 bankroll=3143.59
2026-10-09 16:10:44,663 INFO  STATS trades=218 winrate=84% pnl=+3043.59 PF=6.53 bankroll=3143.59
2026-10-09 16:13:26,139 INFO  STATS trades=218 winrate=84% pnl=+3043.59 PF=6.53 bankroll=3143.59
2026-10-09 16:15:48,038 INFO  STATS trades=218 winrate=84% pnl=+3043.59 PF=6.53 bankroll=3143.59
2026-10-09 16:17:49,267 INFO  STATS trades=218 winrate=84% pnl=+3043.59 PF=6.53 bankroll=3143.59
2026-10-09 16:19:54,878 INFO  STATS trades=218 winrate=84% pnl=+3043.59 PF=6.53 bankroll=3143.59
2026-10-09 16:21:55,860 INFO  STATS trades=218 winrate=84% pnl=+3043.59 PF=6.53 bankroll=3143.59
2026-10-09 16:24:02,495 INFO  STATS trades=218 winrate=84% pnl=+3043.59 PF=6.53 bankroll=3143.59
2026-10-09 16:26:12,195 INFO  STATS trades=218 winrate=84% pnl=+3043.59 PF=6.53 bankroll=3143.59
2026-10-09 16:28:13,008 INFO  STATS trades=218 winrate=84% pnl=+3043.59 PF=6.53 bankroll=3143.59
2026-10-09 16:30:13,833 INFO  STATS trades=218 winrate=84% pnl=+3043.59 PF=6.53 bankroll=3143.59
2026-10-09 16:32:14,535 INFO  STATS trades=218 winrate=84% pnl=+3043.59 PF=6.53 bankroll=3143.59
2026-10-09 16:34:19,193 INFO  STATS trades=218 winrate=84% pnl=+3043.59 PF=6.53 bankroll=3143.59
2026-10-09 16:36:21,168 INFO  STATS trades=218 winrate=84% pnl=+3043.59 PF=6.53 bankroll=3143.59
2026-10-09 16:38:22,249 INFO  STATS trades=218 winrate=84% pnl=+3043.59 PF=6.53 bankroll=3143.59
2026-10-09 16:40:28,321 INFO  STATS trades=218 winrate=84% pnl=+3043.59 PF=6.53 bankroll=3143.59
2026-10-09 16:42:39,393 INFO  STATS trades=218 winrate=84% pnl=+3043.59 PF=6.53 bankroll=3143.59
2026-10-09 16:45:01,000 INFO  STATS trades=218 winrate=84% pnl=+3043.59 PF=6.53 bankroll=3143.59
2026-10-09 16:47:01,963 INFO  STATS trades=218 winrate=84% pnl=+3043.59 PF=6.53 bankroll=3143.59
2026-10-09 16:49:06,646 INFO  STATS trades=218 winrate=84% pnl=+3043.59 PF=6.53 bankroll=3143.59
2026-10-09 16:51:14,124 INFO  STATS trades=218 winrate=84% pnl=+3043.59 PF=6.53 bankroll=3143.59
2026-10-09 16:53:18,486 INFO  STATS trades=218 winrate=84% pnl=+3043.59 PF=6.53 bankroll=3143.59
2026-10-09 16:55:30,394 INFO  STATS trades=218 winrate=84% pnl=+3043.59 PF=6.53 bankroll=3143.59
2026-10-09 16:57:31,268 INFO  STATS trades=218 winrate=84% pnl=+3043.59 PF=6.53 bankroll=3143.59
2026-10-09 16:59:32,109 INFO  STATS trades=218 winrate=84% pnl=+3043.59 PF=6.53 bankroll=3143.59
2026-10-09 17:01:33,159 INFO  STATS trades=218 winrate=84% pnl=+3043.59 PF=6.53 bankroll=3143.59
2026-10-09 17:03:34,319 INFO  STATS trades=218 winrate=84% pnl=+3043.59 PF=6.53 bankroll=3143.59
2026-10-09 17:05:40,580 INFO  STATS trades=218 winrate=84% pnl=+3043.59 PF=6.53 bankroll=3143.59
2026-10-09 17:07:41,450 INFO  STATS trades=218 winrate=84% pnl=+3043.59 PF=6.53 bankroll=3143.59
2026-10-09 17:09:49,610 INFO  STATS trades=218 winrate=84% pnl=+3043.59 PF=6.53 bankroll=3143.59
2026-10-09 17:12:04,535 INFO  STATS trades=218 winrate=84% pnl=+3043.59 PF=6.53 bankroll=3143.59
2026-10-09 17:14:42,736 INFO  STATS trades=218 winrate=84% pnl=+3043.59 PF=6.53 bankroll=3143.59
2026-10-09 17:16:43,587 INFO  STATS trades=218 winrate=84% pnl=+3043.59 PF=6.53 bankroll=3143.59
2026-10-09 17:18:52,171 INFO  STATS trades=218 winrate=84% pnl=+3043.59 PF=6.53 bankroll=3143.59
2026-10-09 17:21:00,555 INFO  STATS trades=218 winrate=84% pnl=+3043.59 PF=6.53 bankroll=3143.59
2026-10-09 17:23:01,477 INFO  STATS trades=218 winrate=84% pnl=+3043.59 PF=6.53 bankroll=3143.59
2026-10-09 17:25:16,064 INFO  STATS trades=218 winrate=84% pnl=+3043.59 PF=6.53 bankroll=3143.59
2026-10-09 17:27:16,971 INFO  STATS trades=218 winrate=84% pnl=+3043.59 PF=6.53 bankroll=3143.59
2026-10-09 17:29:17,786 INFO  STATS trades=218 winrate=84% pnl=+3043.59 PF=6.53 bankroll=3143.59
2026-10-09 17:31:18,636 INFO  STATS trades=218 winrate=84% pnl=+3043.59 PF=6.53 bankroll=3143.59
2026-10-09 17:33:23,718 INFO  STATS trades=218 winrate=84% pnl=+3043.59 PF=6.53 bankroll=3143.59
2026-10-09 17:35:35,437 INFO  STATS trades=218 winrate=84% pnl=+3043.59 PF=6.53 bankroll=3143.59
2026-10-09 17:37:36,236 INFO  STATS trades=218 winrate=84% pnl=+3043.59 PF=6.53 bankroll=3143.59
2026-10-09 17:39:51,754 INFO  STATS trades=218 winrate=84% pnl=+3043.59 PF=6.53 bankroll=3143.59
2026-10-09 17:41:52,592 INFO  STATS trades=218 winrate=84% pnl=+3043.59 PF=6.53 bankroll=3143.59
2026-10-09 17:43:53,534 INFO  STATS trades=218 winrate=84% pnl=+3043.59 PF=6.53 bankroll=3143.59
2026-10-09 17:45:54,355 INFO  STATS trades=218 winrate=84% pnl=+3043.59 PF=6.53 bankroll=3143.59
2026-10-09 17:47:56,552 INFO  STATS trades=218 winrate=84% pnl=+3043.59 PF=6.53 bankroll=3143.59
2026-10-09 17:50:11,313 INFO  STATS trades=218 winrate=84% pnl=+3043.59 PF=6.53 bankroll=3143.59
2026-10-09 17:52:12,104 INFO  STATS trades=218 winrate=84% pnl=+3043.59 PF=6.53 bankroll=3143.59
2026-10-09 17:54:17,767 INFO  STATS trades=218 winrate=84% pnl=+3043.59 PF=6.53 bankroll=3143.59
2026-10-09 17:56:20,526 INFO  STATS trades=218 winrate=84% pnl=+3043.59 PF=6.53 bankroll=3143.59
2026-10-09 17:58:21,548 INFO  STATS trades=218 winrate=84% pnl=+3043.59 PF=6.53 bankroll=3143.59
2026-10-09 18:00:22,331 INFO  STATS trades=218 winrate=84% pnl=+3043.59 PF=6.53 bankroll=3143.59
2026-10-09 18:02:23,173 INFO  STATS trades=218 winrate=84% pnl=+3043.59 PF=6.53 bankroll=3143.59
2026-10-09 18:04:39,037 INFO  STATS trades=218 winrate=84% pnl=+3043.59 PF=6.53 bankroll=3143.59
2026-10-09 18:06:39,811 INFO  STATS trades=218 winrate=84% pnl=+3043.59 PF=6.53 bankroll=3143.59
2026-10-09 18:08:41,415 INFO  STATS trades=218 winrate=84% pnl=+3043.59 PF=6.53 bankroll=3143.59
2026-10-09 18:10:50,294 INFO  STATS trades=218 winrate=84% pnl=+3043.59 PF=6.53 bankroll=3143.59
2026-10-09 18:13:06,147 INFO  STATS trades=218 winrate=84% pnl=+3043.59 PF=6.53 bankroll=3143.59
2026-10-09 18:15:21,230 INFO  STATS trades=218 winrate=84% pnl=+3043.59 PF=6.53 bankroll=3143.59
2026-10-09 18:17:21,982 INFO  STATS trades=218 winrate=84% pnl=+3043.59 PF=6.53 bankroll=3143.59
2026-10-09 18:19:27,325 INFO  STATS trades=218 winrate=84% pnl=+3043.59 PF=6.53 bankroll=3143.59
2026-10-09 18:21:28,223 INFO  STATS trades=218 winrate=84% pnl=+3043.59 PF=6.53 bankroll=3143.59
2026-10-09 22:21:38,720 INFO  State loaded: bankroll=3143.59, open=0
2026-10-09 22:21:38,720 INFO  PolyBot started mode=paper assets=['BTC', 'ETH', 'SOL', 'XRP'] bankroll=3144
2026-10-09 22:23:38,421 INFO  STATS trades=218 winrate=84% pnl=+3043.59 PF=6.53 bankroll=3143.59
2026-10-09 22:26:00,556 INFO  STATS trades=218 winrate=84% pnl=+3043.59 PF=6.53 bankroll=3143.59
2026-10-09 22:28:01,576 INFO  STATS trades=218 winrate=84% pnl=+3043.59 PF=6.53 bankroll=3143.59
2026-10-09 22:30:02,578 INFO  STATS trades=218 winrate=84% pnl=+3043.59 PF=6.53 bankroll=3143.59
2026-10-09 22:32:03,509 INFO  STATS trades=218 winrate=84% pnl=+3043.59 PF=6.53 bankroll=3143.59
2026-10-09 22:34:14,167 INFO  STATS trades=218 winrate=84% pnl=+3043.59 PF=6.53 bankroll=3143.59
2026-10-09 22:36:19,319 INFO  STATS trades=218 winrate=84% pnl=+3043.59 PF=6.53 bankroll=3143.59
2026-10-09 22:38:20,541 INFO  STATS trades=218 winrate=84% pnl=+3043.59 PF=6.53 bankroll=3143.59
2026-10-09 22:40:28,427 INFO  STATS trades=218 winrate=84% pnl=+3043.59 PF=6.53 bankroll=3143.59
2026-10-09 22:43:13,579 INFO  STATS trades=218 winrate=84% pnl=+3043.59 PF=6.53 bankroll=3143.59
2026-10-09 22:45:42,862 INFO  STATS trades=218 winrate=84% pnl=+3043.59 PF=6.53 bankroll=3143.59
2026-10-09 22:47:43,839 INFO  STATS trades=218 winrate=84% pnl=+3043.59 PF=6.53 bankroll=3143.59
2026-10-09 22:49:51,645 INFO  STATS trades=218 winrate=84% pnl=+3043.59 PF=6.53 bankroll=3143.59
2026-10-09 22:51:52,342 INFO  STATS trades=218 winrate=84% pnl=+3043.59 PF=6.53 bankroll=3143.59
2026-10-09 22:53:54,686 INFO  STATS trades=218 winrate=84% pnl=+3043.59 PF=6.53 bankroll=3143.59
2026-10-09 22:56:00,786 INFO  STATS trades=218 winrate=84% pnl=+3043.59 PF=6.53 bankroll=3143.59
2026-10-09 22:58:01,846 INFO  STATS trades=218 winrate=84% pnl=+3043.59 PF=6.53 bankroll=3143.59
2026-10-09 23:00:02,652 INFO  STATS trades=218 winrate=84% pnl=+3043.59 PF=6.53 bankroll=3143.59
2026-10-09 23:02:03,564 INFO  STATS trades=218 winrate=84% pnl=+3043.59 PF=6.53 bankroll=3143.59
2026-10-09 23:04:08,841 INFO  STATS trades=218 winrate=84% pnl=+3043.59 PF=6.53 bankroll=3143.59
2026-10-09 23:06:14,212 INFO  STATS trades=218 winrate=84% pnl=+3043.59 PF=6.53 bankroll=3143.59
2026-10-09 23:08:15,469 INFO  STATS trades=218 winrate=84% pnl=+3043.59 PF=6.53 bankroll=3143.59
2026-10-09 23:10:23,351 INFO  STATS trades=218 winrate=84% pnl=+3043.59 PF=6.53 bankroll=3143.59
2026-10-09 23:12:36,458 INFO  STATS trades=218 winrate=84% pnl=+3043.59 PF=6.53 bankroll=3143.59
2026-10-09 23:15:05,898 INFO  STATS trades=218 winrate=84% pnl=+3043.59 PF=6.53 bankroll=3143.59
2026-10-09 23:17:06,879 INFO  STATS trades=218 winrate=84% pnl=+3043.59 PF=6.53 bankroll=3143.59
2026-10-09 23:19:16,763 INFO  STATS trades=218 winrate=84% pnl=+3043.59 PF=6.53 bankroll=3143.59
2026-10-09 23:21:21,317 INFO  STATS trades=218 winrate=84% pnl=+3043.59 PF=6.53 bankroll=3143.59
2026-10-09 23:23:22,552 INFO  STATS trades=218 winrate=84% pnl=+3043.59 PF=6.53 bankroll=3143.59
2026-10-09 23:25:30,290 INFO  STATS trades=218 winrate=84% pnl=+3043.59 PF=6.53 bankroll=3143.59
2026-10-09 23:27:31,292 INFO  STATS trades=218 winrate=84% pnl=+3043.59 PF=6.53 bankroll=3143.59
2026-10-09 23:29:32,297 INFO  STATS trades=218 winrate=84% pnl=+3043.59 PF=6.53 bankroll=3143.59
2026-10-09 23:31:33,257 INFO  STATS trades=218 winrate=84% pnl=+3043.59 PF=6.53 bankroll=3143.59
2026-10-09 23:33:36,675 INFO  STATS trades=218 winrate=84% pnl=+3043.59 PF=6.53 bankroll=3143.59
2026-10-09 23:35:45,546 INFO  STATS trades=218 winrate=84% pnl=+3043.59 PF=6.53 bankroll=3143.59
2026-10-09 23:37:46,713 INFO  STATS trades=218 winrate=84% pnl=+3043.59 PF=6.53 bankroll=3143.59
2026-10-09 23:39:54,508 INFO  STATS trades=218 winrate=84% pnl=+3043.59 PF=6.53 bankroll=3143.59
2026-10-09 23:42:02,464 INFO  STATS trades=218 winrate=84% pnl=+3043.59 PF=6.53 bankroll=3143.59
2026-10-09 23:44:36,050 INFO  STATS trades=218 winrate=84% pnl=+3043.59 PF=6.53 bankroll=3143.59
2026-10-09 23:46:37,067 INFO  STATS trades=218 winrate=84% pnl=+3043.59 PF=6.53 bankroll=3143.59
2026-10-09 23:48:38,271 INFO  STATS trades=218 winrate=84% pnl=+3043.59 PF=6.53 bankroll=3143.59
2026-10-09 23:50:45,809 INFO  STATS trades=218 winrate=84% pnl=+3043.59 PF=6.53 bankroll=3143.59
2026-10-09 23:52:47,208 INFO  STATS trades=218 winrate=84% pnl=+3043.59 PF=6.53 bankroll=3143.59
2026-10-09 23:54:55,367 INFO  STATS trades=218 winrate=84% pnl=+3043.59 PF=6.53 bankroll=3143.59
2026-10-09 23:57:03,906 INFO  STATS trades=218 winrate=84% pnl=+3043.59 PF=6.53 bankroll=3143.59
2026-10-09 23:59:36,051 INFO  STATS trades=218 winrate=84% pnl=+3043.59 PF=6.53 bankroll=3143.59
2026-10-10 00:01:36,968 INFO  STATS trades=218 winrate=84% pnl=+3043.59 PF=6.53 bankroll=3143.59
2026-10-10 00:03:38,277 INFO  STATS trades=218 winrate=84% pnl=+3043.59 PF=6.53 bankroll=3143.59
2026-10-10 00:05:48,445 INFO  STATS trades=218 winrate=84% pnl=+3043.59 PF=6.53 bankroll=3143.59
2026-10-10 00:07:50,246 INFO  STATS trades=218 winrate=84% pnl=+3043.59 PF=6.53 bankroll=3143.59
2026-10-10 00:10:10,516 INFO  STATS trades=218 winrate=84% pnl=+3043.59 PF=6.53 bankroll=3143.59
2026-10-10 00:12:28,266 INFO  STATS trades=218 winrate=84% pnl=+3043.59 PF=6.53 bankroll=3143.59
2026-10-10 00:14:57,377 INFO  STATS trades=218 winrate=84% pnl=+3043.59 PF=6.53 bankroll=3143.59
2026-10-10 00:16:58,303 INFO  STATS trades=218 winrate=84% pnl=+3043.59 PF=6.53 bankroll=3143.59
2026-10-10 00:19:15,222 INFO  STATS trades=218 winrate=84% pnl=+3043.59 PF=6.53 bankroll=3143.59
2026-10-10 00:21:19,672 INFO  STATS trades=218 winrate=84% pnl=+3043.59 PF=6.53 bankroll=3143.59
2026-10-10 00:23:20,918 INFO  STATS trades=218 winrate=84% pnl=+3043.59 PF=6.53 bankroll=3143.59
2026-10-10 00:25:28,841 INFO  STATS trades=218 winrate=84% pnl=+3043.59 PF=6.53 bankroll=3143.59
2026-10-10 00:27:51,876 INFO  STATS trades=218 winrate=84% pnl=+3043.59 PF=6.53 bankroll=3143.59
2026-10-10 00:30:14,233 INFO  STATS trades=218 winrate=84% pnl=+3043.59 PF=6.53 bankroll=3143.59
2026-10-10 00:32:15,198 INFO  STATS trades=218 winrate=84% pnl=+3043.59 PF=6.53 bankroll=3143.59
2026-10-10 00:34:21,538 INFO  STATS trades=218 winrate=84% pnl=+3043.59 PF=6.53 bankroll=3143.59
2026-10-10 00:36:23,428 INFO  STATS trades=218 winrate=84% pnl=+3043.59 PF=6.53 bankroll=3143.59
2026-10-10 00:38:24,423 INFO  STATS trades=218 winrate=84% pnl=+3043.59 PF=6.53 bankroll=3143.59
2026-10-10 00:40:33,242 INFO  STATS trades=218 winrate=84% pnl=+3043.59 PF=6.53 bankroll=3143.59
2026-10-10 00:42:34,041 INFO  STATS trades=218 winrate=84% pnl=+3043.59 PF=6.53 bankroll=3143.59
2026-10-10 00:44:34,981 INFO  STATS trades=218 winrate=84% pnl=+3043.59 PF=6.53 bankroll=3143.59
2026-10-10 00:46:36,061 INFO  STATS trades=218 winrate=84% pnl=+3043.59 PF=6.53 bankroll=3143.59
2026-10-10 00:48:37,313 INFO  STATS trades=218 winrate=84% pnl=+3043.59 PF=6.53 bankroll=3143.59
2026-10-10 00:50:47,443 INFO  STATS trades=218 winrate=84% pnl=+3043.59 PF=6.53 bankroll=3143.59
2026-10-10 00:52:49,133 INFO  STATS trades=218 winrate=84% pnl=+3043.59 PF=6.53 bankroll=3143.59
2026-10-10 00:55:09,251 INFO  STATS trades=218 winrate=84% pnl=+3043.59 PF=6.53 bankroll=3143.59
2026-10-10 00:57:10,201 INFO  STATS trades=218 winrate=84% pnl=+3043.59 PF=6.53 bankroll=3143.59
2026-10-10 00:59:11,393 INFO  STATS trades=218 winrate=84% pnl=+3043.59 PF=6.53 bankroll=3143.59
2026-10-10 01:01:12,373 INFO  STATS trades=218 winrate=84% pnl=+3043.59 PF=6.53 bankroll=3143.59
2026-10-10 01:03:13,665 INFO  STATS trades=218 winrate=84% pnl=+3043.59 PF=6.53 bankroll=3143.59
2026-10-10 01:05:21,308 INFO  STATS trades=218 winrate=84% pnl=+3043.59 PF=6.53 bankroll=3143.59
2026-10-10 01:07:22,676 INFO  STATS trades=218 winrate=84% pnl=+3043.59 PF=6.53 bankroll=3143.59
2026-10-10 01:09:30,161 INFO  STATS trades=218 winrate=84% pnl=+3043.59 PF=6.53 bankroll=3143.59
2026-10-10 01:11:40,005 INFO  STATS trades=218 winrate=84% pnl=+3043.59 PF=6.53 bankroll=3143.59
2026-10-10 01:14:45,460 INFO  STATS trades=218 winrate=84% pnl=+3043.59 PF=6.53 bankroll=3143.59
2026-10-10 01:16:46,420 INFO  STATS trades=218 winrate=84% pnl=+3043.59 PF=6.53 bankroll=3143.59
2026-10-10 01:18:48,302 INFO  STATS trades=218 winrate=84% pnl=+3043.59 PF=6.53 bankroll=3143.59
2026-10-10 01:20:55,278 INFO  STATS trades=218 winrate=84% pnl=+3043.59 PF=6.53 bankroll=3143.59
2026-10-10 01:22:56,880 INFO  STATS trades=218 winrate=84% pnl=+3043.59 PF=6.53 bankroll=3143.59
2026-10-10 01:25:07,709 INFO  STATS trades=218 winrate=84% pnl=+3043.59 PF=6.53 bankroll=3143.59
2026-10-10 01:27:18,237 INFO  STATS trades=218 winrate=84% pnl=+3043.59 PF=6.53 bankroll=3143.59
2026-10-10 01:29:46,736 INFO  STATS trades=218 winrate=84% pnl=+3043.59 PF=6.53 bankroll=3143.59
2026-10-10 01:31:47,646 INFO  STATS trades=218 winrate=84% pnl=+3043.59 PF=6.53 bankroll=3143.59
2026-10-10 01:33:55,625 INFO  STATS trades=218 winrate=84% pnl=+3043.59 PF=6.53 bankroll=3143.59
2026-10-10 01:36:03,465 INFO  STATS trades=218 winrate=84% pnl=+3043.59 PF=6.53 bankroll=3143.59
2026-10-10 01:38:04,888 INFO  STATS trades=218 winrate=84% pnl=+3043.59 PF=6.53 bankroll=3143.59
2026-10-10 01:40:13,327 INFO  STATS trades=218 winrate=84% pnl=+3043.59 PF=6.53 bankroll=3143.59
2026-10-10 01:42:39,855 INFO  STATS trades=218 winrate=84% pnl=+3043.59 PF=6.53 bankroll=3143.59
2026-10-10 01:45:19,808 INFO  STATS trades=218 winrate=84% pnl=+3043.59 PF=6.53 bankroll=3143.59
2026-10-10 01:47:20,782 INFO  STATS trades=218 winrate=84% pnl=+3043.59 PF=6.53 bankroll=3143.59
2026-10-10 01:49:36,234 INFO  STATS trades=218 winrate=84% pnl=+3043.59 PF=6.53 bankroll=3143.59
2026-10-10 01:51:37,249 INFO  STATS trades=218 winrate=84% pnl=+3043.59 PF=6.53 bankroll=3143.59
2026-10-10 01:53:38,537 INFO  STATS trades=218 winrate=84% pnl=+3043.59 PF=6.53 bankroll=3143.59
2026-10-10 01:55:45,564 INFO  STATS trades=218 winrate=84% pnl=+3043.59 PF=6.53 bankroll=3143.59
2026-10-10 01:57:46,534 INFO  STATS trades=218 winrate=84% pnl=+3043.59 PF=6.53 bankroll=3143.59
2026-10-10 01:59:47,593 INFO  STATS trades=218 winrate=84% pnl=+3043.59 PF=6.53 bankroll=3143.59
2026-10-10 02:01:48,696 INFO  STATS trades=218 winrate=84% pnl=+3043.59 PF=6.53 bankroll=3143.59
2026-10-10 02:04:02,036 INFO  STATS trades=218 winrate=84% pnl=+3043.59 PF=6.53 bankroll=3143.59
2026-10-10 02:06:09,808 INFO  STATS trades=218 winrate=84% pnl=+3043.59 PF=6.53 bankroll=3143.59
2026-10-10 02:08:15,408 INFO  STATS trades=218 winrate=84% pnl=+3043.59 PF=6.53 bankroll=3143.59
2026-10-10 02:10:32,070 INFO  STATS trades=218 winrate=84% pnl=+3043.59 PF=6.53 bankroll=3143.59
2026-10-10 02:12:33,065 INFO  STATS trades=218 winrate=84% pnl=+3043.59 PF=6.53 bankroll=3143.59
2026-10-10 02:14:34,003 INFO  STATS trades=218 winrate=84% pnl=+3043.59 PF=6.53 bankroll=3143.59
2026-10-10 02:16:35,041 INFO  STATS trades=218 winrate=84% pnl=+3043.59 PF=6.53 bankroll=3143.59
2026-10-10 02:18:36,293 INFO  STATS trades=218 winrate=84% pnl=+3043.59 PF=6.53 bankroll=3143.59
2026-10-10 02:20:43,550 INFO  STATS trades=218 winrate=84% pnl=+3043.59 PF=6.53 bankroll=3143.59
2026-10-10 02:22:44,437 INFO  STATS trades=218 winrate=84% pnl=+3043.59 PF=6.53 bankroll=3143.59
2026-10-10 02:24:52,917 INFO  STATS trades=218 winrate=84% pnl=+3043.59 PF=6.53 bankroll=3143.59
2026-10-10 02:27:01,889 INFO  STATS trades=218 winrate=84% pnl=+3043.59 PF=6.53 bankroll=3143.59
2026-10-10 02:29:29,846 INFO  STATS trades=218 winrate=84% pnl=+3043.59 PF=6.53 bankroll=3143.59
2026-10-10 02:31:30,662 INFO  STATS trades=218 winrate=84% pnl=+3043.59 PF=6.53 bankroll=3143.59
2026-10-10 02:33:31,851 INFO  STATS trades=218 winrate=84% pnl=+3043.59 PF=6.53 bankroll=3143.59
2026-10-10 02:35:39,796 INFO  STATS trades=218 winrate=84% pnl=+3043.59 PF=6.53 bankroll=3143.59
2026-10-10 02:37:40,759 INFO  STATS trades=218 winrate=84% pnl=+3043.59 PF=6.53 bankroll=3143.59
2026-10-10 02:40:01,807 INFO  STATS trades=218 winrate=84% pnl=+3043.59 PF=6.53 bankroll=3143.59
2026-10-10 02:42:21,200 INFO  STATS trades=218 winrate=84% pnl=+3043.59 PF=6.53 bankroll=3143.59
2026-10-10 02:44:51,535 INFO  STATS trades=218 winrate=84% pnl=+3043.59 PF=6.53 bankroll=3143.59
2026-10-10 02:46:52,466 INFO  STATS trades=218 winrate=84% pnl=+3043.59 PF=6.53 bankroll=3143.59
2026-10-10 02:49:07,467 INFO  STATS trades=218 winrate=84% pnl=+3043.59 PF=6.53 bankroll=3143.59
2026-10-10 02:51:14,157 INFO  STATS trades=218 winrate=84% pnl=+3043.59 PF=6.53 bankroll=3143.59
2026-10-10 02:53:15,506 INFO  STATS trades=218 winrate=84% pnl=+3043.59 PF=6.53 bankroll=3143.59
2026-10-10 02:55:26,841 INFO  STATS trades=218 winrate=84% pnl=+3043.59 PF=6.53 bankroll=3143.59
2026-10-10 02:57:27,871 INFO  STATS trades=218 winrate=84% pnl=+3043.59 PF=6.53 bankroll=3143.59
2026-10-10 02:59:28,551 INFO  STATS trades=218 winrate=84% pnl=+3043.59 PF=6.53 bankroll=3143.59
2026-10-10 03:01:29,507 INFO  STATS trades=218 winrate=84% pnl=+3043.59 PF=6.53 bankroll=3143.59
2026-10-10 03:03:30,785 INFO  STATS trades=218 winrate=84% pnl=+3043.59 PF=6.53 bankroll=3143.59
2026-10-10 03:05:41,883 INFO  STATS trades=218 winrate=84% pnl=+3043.59 PF=6.53 bankroll=3143.59
2026-10-10 03:07:42,767 INFO  STATS trades=218 winrate=84% pnl=+3043.59 PF=6.53 bankroll=3143.59
2026-10-10 03:09:50,547 INFO  STATS trades=218 winrate=84% pnl=+3043.59 PF=6.53 bankroll=3143.59
2026-10-10 03:11:58,286 INFO  STATS trades=218 winrate=84% pnl=+3043.59 PF=6.53 bankroll=3143.59
2026-10-10 03:14:44,716 INFO  STATS trades=218 winrate=84% pnl=+3043.59 PF=6.53 bankroll=3143.59
2026-10-10 03:16:45,767 INFO  STATS trades=218 winrate=84% pnl=+3043.59 PF=6.53 bankroll=3143.59
2026-10-10 03:18:47,368 INFO  STATS trades=218 winrate=84% pnl=+3043.59 PF=6.53 bankroll=3143.59
2026-10-10 03:20:54,555 INFO  STATS trades=218 winrate=84% pnl=+3043.59 PF=6.53 bankroll=3143.59
2026-10-10 03:22:57,407 INFO  STATS trades=218 winrate=84% pnl=+3043.59 PF=6.53 bankroll=3143.59
2026-10-10 03:25:16,962 INFO  STATS trades=218 winrate=84% pnl=+3043.59 PF=6.53 bankroll=3143.59
2026-10-10 03:27:36,042 INFO  STATS trades=218 winrate=84% pnl=+3043.59 PF=6.53 bankroll=3143.59
2026-10-10 03:30:09,598 INFO  STATS trades=218 winrate=84% pnl=+3043.59 PF=6.53 bankroll=3143.59
2026-10-10 03:32:10,519 INFO  STATS trades=218 winrate=84% pnl=+3043.59 PF=6.53 bankroll=3143.59
2026-10-10 03:34:30,628 INFO  STATS trades=218 winrate=84% pnl=+3043.59 PF=6.53 bankroll=3143.59
2026-10-10 03:36:31,722 INFO  STATS trades=218 winrate=84% pnl=+3043.59 PF=6.53 bankroll=3143.59
2026-10-10 03:38:38,745 INFO  STATS trades=218 winrate=84% pnl=+3043.59 PF=6.53 bankroll=3143.59
2026-10-10 03:40:51,732 INFO  STATS trades=218 winrate=84% pnl=+3043.59 PF=6.53 bankroll=3143.59
2026-10-10 03:43:12,645 INFO  STATS trades=218 winrate=84% pnl=+3043.59 PF=6.53 bankroll=3143.59
2026-10-10 03:45:24,812 INFO  STATS trades=218 winrate=84% pnl=+3043.59 PF=6.53 bankroll=3143.59
2026-10-10 03:47:25,906 INFO  STATS trades=218 winrate=84% pnl=+3043.59 PF=6.53 bankroll=3143.59
2026-10-10 03:49:46,745 INFO  STATS trades=218 winrate=84% pnl=+3043.59 PF=6.53 bankroll=3143.59
2026-10-10 03:51:47,782 INFO  STATS trades=218 winrate=84% pnl=+3043.59 PF=6.53 bankroll=3143.59
2026-10-10 03:54:01,040 INFO  STATS trades=218 winrate=84% pnl=+3043.59 PF=6.53 bankroll=3143.59
2026-10-10 03:56:08,890 INFO  STATS trades=218 winrate=84% pnl=+3043.59 PF=6.53 bankroll=3143.59
2026-10-10 03:58:09,875 INFO  STATS trades=218 winrate=84% pnl=+3043.59 PF=6.53 bankroll=3143.59
2026-10-10 04:00:11,812 INFO  STATS trades=218 winrate=84% pnl=+3043.59 PF=6.53 bankroll=3143.59
2026-10-10 04:41:24,231 INFO  State loaded: bankroll=3143.59, open=0
2026-10-10 04:41:24,231 INFO  PolyBot started mode=paper assets=['BTC', 'ETH', 'SOL', 'XRP'] bankroll=3144
2026-10-10 04:44:05,303 INFO  STATS trades=218 winrate=84% pnl=+3043.59 PF=6.53 bankroll=3143.59
2026-10-10 04:46:12,557 INFO  STATS trades=218 winrate=84% pnl=+3043.59 PF=6.53 bankroll=3143.59
2026-10-10 04:48:13,647 INFO  STATS trades=218 winrate=84% pnl=+3043.59 PF=6.53 bankroll=3143.59
2026-10-10 04:50:20,603 INFO  STATS trades=218 winrate=84% pnl=+3043.59 PF=6.53 bankroll=3143.59
2026-10-10 04:52:21,630 INFO  STATS trades=218 winrate=84% pnl=+3043.59 PF=6.53 bankroll=3143.59
2026-10-10 04:54:37,562 INFO  STATS trades=218 winrate=84% pnl=+3043.59 PF=6.53 bankroll=3143.59
2026-10-10 04:56:38,415 INFO  STATS trades=218 winrate=84% pnl=+3043.59 PF=6.53 bankroll=3143.59
2026-10-10 04:58:39,279 INFO  STATS trades=218 winrate=84% pnl=+3043.59 PF=6.53 bankroll=3143.59
2026-10-10 05:00:40,235 INFO  STATS trades=218 winrate=84% pnl=+3043.59 PF=6.53 bankroll=3143.59
2026-10-10 05:02:41,127 INFO  STATS trades=218 winrate=84% pnl=+3043.59 PF=6.53 bankroll=3143.59
2026-10-10 05:04:59,095 INFO  STATS trades=218 winrate=84% pnl=+3043.59 PF=6.53 bankroll=3143.59
2026-10-10 05:06:59,936 INFO  STATS trades=218 winrate=84% pnl=+3043.59 PF=6.53 bankroll=3143.59
2026-10-10 05:09:14,707 INFO  STATS trades=218 winrate=84% pnl=+3043.59 PF=6.53 bankroll=3143.59
2026-10-10 05:11:19,818 INFO  STATS trades=218 winrate=84% pnl=+3043.59 PF=6.53 bankroll=3143.59
2026-10-10 05:14:14,134 INFO  STATS trades=218 winrate=84% pnl=+3043.59 PF=6.53 bankroll=3143.59
2026-10-10 05:16:20,453 INFO  STATS trades=218 winrate=84% pnl=+3043.59 PF=6.53 bankroll=3143.59
2026-10-10 05:18:21,535 INFO  STATS trades=218 winrate=84% pnl=+3043.59 PF=6.53 bankroll=3143.59
2026-10-10 05:20:28,787 INFO  STATS trades=218 winrate=84% pnl=+3043.59 PF=6.53 bankroll=3143.59
2026-10-10 05:22:29,786 INFO  STATS trades=218 winrate=84% pnl=+3043.59 PF=6.53 bankroll=3143.59
2026-10-10 05:24:37,228 INFO  STATS trades=218 winrate=84% pnl=+3043.59 PF=6.53 bankroll=3143.59
2026-10-10 05:26:42,393 INFO  STATS trades=218 winrate=84% pnl=+3043.59 PF=6.53 bankroll=3143.59
2026-10-10 05:29:16,043 INFO  STATS trades=218 winrate=84% pnl=+3043.59 PF=6.53 bankroll=3143.59
2026-10-10 05:31:18,847 INFO  STATS trades=218 winrate=84% pnl=+3043.59 PF=6.53 bankroll=3143.59
2026-10-10 05:33:25,517 INFO  STATS trades=218 winrate=84% pnl=+3043.59 PF=6.53 bankroll=3143.59
2026-10-10 05:35:39,589 INFO  STATS trades=218 winrate=84% pnl=+3043.59 PF=6.53 bankroll=3143.59
2026-10-10 05:37:40,440 INFO  STATS trades=218 winrate=84% pnl=+3043.59 PF=6.53 bankroll=3143.59
2026-10-10 05:39:56,140 INFO  STATS trades=218 winrate=84% pnl=+3043.59 PF=6.53 bankroll=3143.59
2026-10-10 05:42:23,997 INFO  STATS trades=218 winrate=84% pnl=+3043.59 PF=6.53 bankroll=3143.59
2026-10-10 05:45:18,433 INFO  STATS trades=218 winrate=84% pnl=+3043.59 PF=6.53 bankroll=3143.59
2026-10-10 05:47:19,301 INFO  STATS trades=218 winrate=84% pnl=+3043.59 PF=6.53 bankroll=3143.59
2026-10-10 05:49:26,409 INFO  STATS trades=218 winrate=84% pnl=+3043.59 PF=6.53 bankroll=3143.59
2026-10-10 05:51:27,785 INFO  STATS trades=218 winrate=84% pnl=+3043.59 PF=6.53 bankroll=3143.59
2026-10-10 05:53:35,323 INFO  STATS trades=218 winrate=84% pnl=+3043.59 PF=6.53 bankroll=3143.59
2026-10-10 05:55:48,156 INFO  STATS trades=218 winrate=84% pnl=+3043.59 PF=6.53 bankroll=3143.59
2026-10-10 05:57:49,025 INFO  STATS trades=218 winrate=84% pnl=+3043.59 PF=6.53 bankroll=3143.59
2026-10-10 05:59:50,027 INFO  STATS trades=218 winrate=84% pnl=+3043.59 PF=6.53 bankroll=3143.59
2026-10-10 06:01:51,010 INFO  STATS trades=218 winrate=84% pnl=+3043.59 PF=6.53 bankroll=3143.59
2026-10-10 06:04:04,911 INFO  STATS trades=218 winrate=84% pnl=+3043.59 PF=6.53 bankroll=3143.59
2026-10-10 06:06:11,399 INFO  STATS trades=218 winrate=84% pnl=+3043.59 PF=6.53 bankroll=3143.59
2026-10-10 06:08:16,503 INFO  STATS trades=218 winrate=84% pnl=+3043.59 PF=6.53 bankroll=3143.59
2026-10-10 06:10:32,152 INFO  STATS trades=218 winrate=84% pnl=+3043.59 PF=6.53 bankroll=3143.59
2026-10-10 06:13:07,654 INFO  STATS trades=218 winrate=84% pnl=+3043.59 PF=6.53 bankroll=3143.59
2026-10-10 06:15:40,133 INFO  STATS trades=218 winrate=84% pnl=+3043.59 PF=6.53 bankroll=3143.59
2026-10-10 06:17:40,993 INFO  STATS trades=218 winrate=84% pnl=+3043.59 PF=6.53 bankroll=3143.59
2026-10-10 06:19:53,445 INFO  STATS trades=218 winrate=84% pnl=+3043.59 PF=6.53 bankroll=3143.59
2026-10-10 06:21:54,307 INFO  STATS trades=218 winrate=84% pnl=+3043.59 PF=6.53 bankroll=3143.59
2026-10-10 06:23:57,172 INFO  STATS trades=218 winrate=84% pnl=+3043.59 PF=6.53 bankroll=3143.59
2026-10-10 06:26:02,636 INFO  STATS trades=218 winrate=84% pnl=+3043.59 PF=6.53 bankroll=3143.59
2026-10-10 06:28:22,229 INFO  STATS trades=218 winrate=84% pnl=+3043.59 PF=6.53 bankroll=3143.59
2026-10-10 06:30:34,407 INFO  STATS trades=218 winrate=84% pnl=+3043.59 PF=6.53 bankroll=3143.59
2026-10-10 06:32:35,399 INFO  STATS trades=218 winrate=84% pnl=+3043.59 PF=6.53 bankroll=3143.59
2026-10-10 06:34:54,266 INFO  STATS trades=218 winrate=84% pnl=+3043.59 PF=6.53 bankroll=3143.59
2026-10-10 06:36:55,157 INFO  STATS trades=218 winrate=84% pnl=+3043.59 PF=6.53 bankroll=3143.59
2026-10-10 06:39:10,040 INFO  STATS trades=218 winrate=84% pnl=+3043.59 PF=6.53 bankroll=3143.59
2026-10-10 06:41:16,102 INFO  STATS trades=218 winrate=84% pnl=+3043.59 PF=6.53 bankroll=3143.59
2026-10-10 06:44:10,025 INFO  STATS trades=218 winrate=84% pnl=+3043.59 PF=6.53 bankroll=3143.59
2026-10-10 06:46:17,364 INFO  STATS trades=218 winrate=84% pnl=+3043.59 PF=6.53 bankroll=3143.59
2026-10-10 06:48:18,398 INFO  STATS trades=218 winrate=84% pnl=+3043.59 PF=6.53 bankroll=3143.59
2026-10-10 06:50:29,018 INFO  STATS trades=218 winrate=84% pnl=+3043.59 PF=6.53 bankroll=3143.59
2026-10-10 06:52:29,840 INFO  STATS trades=218 winrate=84% pnl=+3043.59 PF=6.53 bankroll=3143.59
2026-10-10 06:54:48,541 INFO  STATS trades=218 winrate=84% pnl=+3043.59 PF=6.53 bankroll=3143.59
2026-10-10 06:56:49,368 INFO  STATS trades=218 winrate=84% pnl=+3043.59 PF=6.53 bankroll=3143.59
2026-10-10 06:58:50,493 INFO  STATS trades=218 winrate=84% pnl=+3043.59 PF=6.53 bankroll=3143.59
2026-10-10 07:00:51,547 INFO  STATS trades=218 winrate=84% pnl=+3043.59 PF=6.53 bankroll=3143.59
2026-10-10 07:02:53,624 INFO  STATS trades=218 winrate=84% pnl=+3043.59 PF=6.53 bankroll=3143.59
2026-10-10 07:05:10,730 INFO  STATS trades=218 winrate=84% pnl=+3043.59 PF=6.53 bankroll=3143.59
2026-10-10 07:07:11,530 INFO  STATS trades=218 winrate=84% pnl=+3043.59 PF=6.53 bankroll=3143.59
2026-10-10 07:09:29,672 INFO  STATS trades=218 winrate=84% pnl=+3043.59 PF=6.53 bankroll=3143.59
2026-10-10 07:11:35,568 INFO  STATS trades=218 winrate=84% pnl=+3043.59 PF=6.53 bankroll=3143.59
2026-10-10 07:14:27,736 INFO  STATS trades=218 winrate=84% pnl=+3043.59 PF=6.53 bankroll=3143.59
2026-10-10 07:16:29,306 INFO  STATS trades=218 winrate=84% pnl=+3043.59 PF=6.53 bankroll=3143.59
2026-10-10 07:18:33,412 INFO  STATS trades=218 winrate=84% pnl=+3043.59 PF=6.53 bankroll=3143.59
2026-10-10 07:20:43,135 INFO  STATS trades=218 winrate=84% pnl=+3043.59 PF=6.53 bankroll=3143.59
2026-10-10 07:22:43,958 INFO  STATS trades=218 winrate=84% pnl=+3043.59 PF=6.53 bankroll=3143.59
2026-10-10 07:24:50,611 INFO  STATS trades=218 winrate=84% pnl=+3043.59 PF=6.53 bankroll=3143.59
2026-10-10 07:26:51,491 INFO  STATS trades=218 winrate=84% pnl=+3043.59 PF=6.53 bankroll=3143.59
2026-10-10 07:28:52,349 INFO  STATS trades=218 winrate=84% pnl=+3043.59 PF=6.53 bankroll=3143.59
2026-10-10 07:30:53,216 INFO  STATS trades=218 winrate=84% pnl=+3043.59 PF=6.53 bankroll=3143.59
2026-10-10 07:32:54,114 INFO  STATS trades=218 winrate=84% pnl=+3043.59 PF=6.53 bankroll=3143.59
2026-10-10 07:35:00,443 INFO  STATS trades=218 winrate=84% pnl=+3043.59 PF=6.53 bankroll=3143.59
2026-10-10 07:37:01,289 INFO  STATS trades=218 winrate=84% pnl=+3043.59 PF=6.53 bankroll=3143.59
2026-10-10 07:39:04,979 INFO  STATS trades=218 winrate=84% pnl=+3043.59 PF=6.53 bankroll=3143.59
2026-10-10 07:41:09,003 INFO  STATS trades=218 winrate=84% pnl=+3043.59 PF=6.53 bankroll=3143.59
2026-10-10 07:43:40,792 INFO  STATS trades=218 winrate=84% pnl=+3043.59 PF=6.53 bankroll=3143.59
2026-10-10 07:45:52,635 INFO  STATS trades=218 winrate=84% pnl=+3043.59 PF=6.53 bankroll=3143.59
2026-10-10 07:47:54,670 INFO  STATS trades=218 winrate=84% pnl=+3043.59 PF=6.53 bankroll=3143.59
2026-10-10 07:50:11,019 INFO  STATS trades=218 winrate=84% pnl=+3043.59 PF=6.53 bankroll=3143.59
2026-10-10 07:52:11,872 INFO  STATS trades=218 winrate=84% pnl=+3043.59 PF=6.53 bankroll=3143.59
2026-10-10 07:54:29,327 INFO  STATS trades=218 winrate=84% pnl=+3043.59 PF=6.53 bankroll=3143.59
2026-10-10 07:56:33,118 INFO  STATS trades=218 winrate=84% pnl=+3043.59 PF=6.53 bankroll=3143.59
2026-10-10 07:59:16,721 INFO  STATS trades=218 winrate=84% pnl=+3043.59 PF=6.53 bankroll=3143.59
2026-10-10 08:01:21,626 INFO  STATS trades=218 winrate=84% pnl=+3043.59 PF=6.53 bankroll=3143.59
2026-10-10 08:03:27,335 INFO  STATS trades=218 winrate=84% pnl=+3043.59 PF=6.53 bankroll=3143.59
2026-10-10 08:05:40,615 INFO  STATS trades=218 winrate=84% pnl=+3043.59 PF=6.53 bankroll=3143.59
2026-10-10 08:07:41,462 INFO  STATS trades=218 winrate=84% pnl=+3043.59 PF=6.53 bankroll=3143.59
2026-10-10 08:09:58,930 INFO  STATS trades=218 winrate=84% pnl=+3043.59 PF=6.53 bankroll=3143.59
2026-10-10 08:12:10,978 INFO  STATS trades=218 winrate=84% pnl=+3043.59 PF=6.53 bankroll=3143.59
2026-10-10 08:14:35,280 INFO  STATS trades=218 winrate=84% pnl=+3043.59 PF=6.53 bankroll=3143.59
2026-10-10 08:16:36,299 INFO  STATS trades=218 winrate=84% pnl=+3043.59 PF=6.53 bankroll=3143.59
2026-10-10 08:18:40,979 INFO  STATS trades=218 winrate=84% pnl=+3043.59 PF=6.53 bankroll=3143.59
2026-10-10 08:20:50,089 INFO  STATS trades=218 winrate=84% pnl=+3043.59 PF=6.53 bankroll=3143.59
2026-10-10 08:22:52,095 INFO  STATS trades=218 winrate=84% pnl=+3043.59 PF=6.53 bankroll=3143.59
2026-10-10 08:25:08,972 INFO  STATS trades=218 winrate=84% pnl=+3043.59 PF=6.53 bankroll=3143.59
2026-10-10 08:27:09,734 INFO  STATS trades=218 winrate=84% pnl=+3043.59 PF=6.53 bankroll=3143.59
2026-10-10 08:29:10,678 INFO  STATS trades=218 winrate=84% pnl=+3043.59 PF=6.53 bankroll=3143.59
2026-10-10 08:31:11,411 INFO  STATS trades=218 winrate=84% pnl=+3043.59 PF=6.53 bankroll=3143.59
2026-10-10 08:33:12,252 INFO  STATS trades=218 winrate=84% pnl=+3043.59 PF=6.53 bankroll=3143.59
2026-10-10 08:35:13,093 INFO  STATS trades=218 winrate=84% pnl=+3043.59 PF=6.53 bankroll=3143.59
2026-10-10 08:37:14,039 INFO  STATS trades=218 winrate=84% pnl=+3043.59 PF=6.53 bankroll=3143.59
2026-10-10 08:39:19,510 INFO  STATS trades=218 winrate=84% pnl=+3043.59 PF=6.53 bankroll=3143.59
2026-10-10 08:41:23,179 INFO  STATS trades=218 winrate=84% pnl=+3043.59 PF=6.53 bankroll=3143.59
2026-10-10 08:43:48,411 INFO  STATS trades=218 winrate=84% pnl=+3043.59 PF=6.53 bankroll=3143.59
2026-10-10 08:45:57,785 INFO  STATS trades=218 winrate=84% pnl=+3043.59 PF=6.53 bankroll=3143.59
2026-10-10 08:48:00,355 INFO  STATS trades=218 winrate=84% pnl=+3043.59 PF=6.53 bankroll=3143.59
2026-10-10 08:50:15,571 INFO  STATS trades=218 winrate=84% pnl=+3043.59 PF=6.53 bankroll=3143.59
2026-10-10 08:52:16,496 INFO  STATS trades=218 winrate=84% pnl=+3043.59 PF=6.53 bankroll=3143.59
2026-10-10 08:54:22,697 INFO  STATS trades=218 winrate=84% pnl=+3043.59 PF=6.53 bankroll=3143.59
2026-10-10 08:56:24,443 INFO  STATS trades=218 winrate=84% pnl=+3043.59 PF=6.53 bankroll=3143.59
2026-10-10 08:58:25,245 INFO  STATS trades=218 winrate=84% pnl=+3043.59 PF=6.53 bankroll=3143.59
2026-10-10 09:00:26,075 INFO  STATS trades=218 winrate=84% pnl=+3043.59 PF=6.53 bankroll=3143.59
2026-10-10 09:02:26,818 INFO  STATS trades=218 winrate=84% pnl=+3043.59 PF=6.53 bankroll=3143.59
2026-10-10 09:04:36,850 INFO  STATS trades=218 winrate=84% pnl=+3043.59 PF=6.53 bankroll=3143.59
2026-10-10 09:06:37,700 INFO  STATS trades=218 winrate=84% pnl=+3043.59 PF=6.53 bankroll=3143.59
2026-10-10 09:08:40,539 INFO  STATS trades=218 winrate=84% pnl=+3043.59 PF=6.53 bankroll=3143.59
2026-10-10 09:10:48,331 INFO  STATS trades=218 winrate=84% pnl=+3043.59 PF=6.53 bankroll=3143.59
2026-10-10 09:13:21,630 INFO  STATS trades=218 winrate=84% pnl=+3043.59 PF=6.53 bankroll=3143.59
2026-10-10 09:15:42,998 INFO  STATS trades=218 winrate=84% pnl=+3043.59 PF=6.53 bankroll=3143.59
2026-10-10 09:17:43,862 INFO  STATS trades=218 winrate=84% pnl=+3043.59 PF=6.53 bankroll=3143.59
2026-10-10 09:19:54,033 INFO  STATS trades=218 winrate=84% pnl=+3043.59 PF=6.53 bankroll=3143.59
2026-10-10 09:21:55,154 INFO  STATS trades=218 winrate=84% pnl=+3043.59 PF=6.53 bankroll=3143.59
2026-10-10 09:24:00,710 INFO  STATS trades=218 winrate=84% pnl=+3043.59 PF=6.53 bankroll=3143.59
2026-10-10 09:26:06,086 INFO  STATS trades=218 winrate=84% pnl=+3043.59 PF=6.53 bankroll=3143.59
2026-10-10 09:28:26,717 INFO  STATS trades=218 winrate=84% pnl=+3043.59 PF=6.53 bankroll=3143.59
2026-10-10 09:30:40,073 INFO  STATS trades=218 winrate=84% pnl=+3043.59 PF=6.53 bankroll=3143.59
2026-10-10 09:32:40,831 INFO  STATS trades=218 winrate=84% pnl=+3043.59 PF=6.53 bankroll=3143.59
2026-10-10 09:34:58,601 INFO  STATS trades=218 winrate=84% pnl=+3043.59 PF=6.53 bankroll=3143.59
2026-10-10 09:36:59,445 INFO  STATS trades=218 winrate=84% pnl=+3043.59 PF=6.53 bankroll=3143.59
2026-10-10 09:39:13,774 INFO  STATS trades=218 winrate=84% pnl=+3043.59 PF=6.53 bankroll=3143.59
2026-10-10 09:41:18,998 INFO  STATS trades=218 winrate=84% pnl=+3043.59 PF=6.53 bankroll=3143.59
2026-10-10 09:43:43,708 INFO  STATS trades=218 winrate=84% pnl=+3043.59 PF=6.53 bankroll=3143.59
2026-10-10 09:45:55,889 INFO  STATS trades=218 winrate=84% pnl=+3043.59 PF=6.53 bankroll=3143.59
2026-10-10 09:47:58,287 INFO  STATS trades=218 winrate=84% pnl=+3043.59 PF=6.53 bankroll=3143.59
2026-10-10 09:50:14,541 INFO  STATS trades=218 winrate=84% pnl=+3043.59 PF=6.53 bankroll=3143.59
2026-10-10 09:52:15,179 INFO  STATS trades=218 winrate=84% pnl=+3043.59 PF=6.53 bankroll=3143.59
2026-10-10 09:54:24,341 INFO  STATS trades=218 winrate=84% pnl=+3043.59 PF=6.53 bankroll=3143.59
2026-10-10 09:56:25,988 INFO  STATS trades=218 winrate=84% pnl=+3043.59 PF=6.53 bankroll=3143.59
2026-10-10 09:58:26,825 INFO  STATS trades=218 winrate=84% pnl=+3043.59 PF=6.53 bankroll=3143.59
2026-10-10 10:00:27,604 INFO  STATS trades=218 winrate=84% pnl=+3043.59 PF=6.53 bankroll=3143.59
2026-10-10 10:02:28,501 INFO  STATS trades=218 winrate=84% pnl=+3043.59 PF=6.53 bankroll=3143.59
2026-10-10 10:04:39,080 INFO  STATS trades=218 winrate=84% pnl=+3043.59 PF=6.53 bankroll=3143.59
2026-10-10 10:06:39,899 INFO  STATS trades=218 winrate=84% pnl=+3043.59 PF=6.53 bankroll=3143.59
2026-10-10 10:08:40,888 INFO  STATS trades=218 winrate=84% pnl=+3043.59 PF=6.53 bankroll=3143.59
2026-10-10 10:10:50,358 INFO  STATS trades=218 winrate=84% pnl=+3043.59 PF=6.53 bankroll=3143.59
2026-10-10 10:13:25,916 INFO  STATS trades=218 winrate=84% pnl=+3043.59 PF=6.53 bankroll=3143.59
2026-10-10 10:15:43,164 INFO  STATS trades=218 winrate=84% pnl=+3043.59 PF=6.53 bankroll=3143.59
2026-10-10 10:17:44,122 INFO  STATS trades=218 winrate=84% pnl=+3043.59 PF=6.53 bankroll=3143.59
2026-10-10 10:20:01,969 INFO  STATS trades=218 winrate=84% pnl=+3043.59 PF=6.53 bankroll=3143.59
2026-10-10 12:01:09,626 INFO  State loaded: bankroll=3143.59, open=0
2026-10-10 12:01:09,626 INFO  PolyBot started mode=paper assets=['BTC', 'ETH', 'SOL', 'XRP'] bankroll=3144
2026-10-10 12:03:09,032 INFO  STATS trades=218 winrate=84% pnl=+3043.59 PF=6.53 bankroll=3143.59
2026-10-10 12:05:19,079 INFO  STATS trades=218 winrate=84% pnl=+3043.59 PF=6.53 bankroll=3143.59
2026-10-10 12:07:19,835 INFO  STATS trades=218 winrate=84% pnl=+3043.59 PF=6.53 bankroll=3143.59
2026-10-10 12:09:25,696 INFO  STATS trades=218 winrate=84% pnl=+3043.59 PF=6.53 bankroll=3143.59
2026-10-10 12:11:26,989 INFO  STATS trades=218 winrate=84% pnl=+3043.59 PF=6.53 bankroll=3143.59
2026-10-10 12:13:27,841 INFO  STATS trades=218 winrate=84% pnl=+3043.59 PF=6.53 bankroll=3143.59
2026-10-10 12:15:28,637 INFO  STATS trades=218 winrate=84% pnl=+3043.59 PF=6.53 bankroll=3143.59
2026-10-10 12:17:29,439 INFO  STATS trades=218 winrate=84% pnl=+3043.59 PF=6.53 bankroll=3143.59
2026-10-10 12:19:46,680 INFO  STATS trades=218 winrate=84% pnl=+3043.59 PF=6.53 bankroll=3143.59
2026-10-10 12:21:47,533 INFO  STATS trades=218 winrate=84% pnl=+3043.59 PF=6.53 bankroll=3143.59
2026-10-10 12:23:58,408 INFO  STATS trades=218 winrate=84% pnl=+3043.59 PF=6.53 bankroll=3143.59
2026-10-10 12:26:05,601 INFO  STATS trades=218 winrate=84% pnl=+3043.59 PF=6.53 bankroll=3143.59
2026-10-10 12:28:23,796 INFO  STATS trades=218 winrate=84% pnl=+3043.59 PF=6.53 bankroll=3143.59
2026-10-10 12:30:37,065 INFO  STATS trades=218 winrate=84% pnl=+3043.59 PF=6.53 bankroll=3143.59
2026-10-10 12:32:37,869 INFO  STATS trades=218 winrate=84% pnl=+3043.59 PF=6.53 bankroll=3143.59
2026-10-10 12:34:44,106 INFO  STATS trades=218 winrate=84% pnl=+3043.59 PF=6.53 bankroll=3143.59
2026-10-10 12:36:44,500 INFO  STATS trades=218 winrate=84% pnl=+3043.59 PF=6.53 bankroll=3143.59
2026-10-10 12:38:54,366 INFO  STATS trades=218 winrate=84% pnl=+3043.59 PF=6.53 bankroll=3143.59
2026-10-10 12:41:02,585 INFO  STATS trades=218 winrate=84% pnl=+3043.59 PF=6.53 bankroll=3143.59
2026-10-10 12:43:03,399 INFO  STATS trades=218 winrate=84% pnl=+3043.59 PF=6.53 bankroll=3143.59
2026-10-10 12:45:04,342 INFO  STATS trades=218 winrate=84% pnl=+3043.59 PF=6.53 bankroll=3143.59
2026-10-10 12:47:05,203 INFO  STATS trades=218 winrate=84% pnl=+3043.59 PF=6.53 bankroll=3143.59
2026-10-10 12:49:12,116 INFO  STATS trades=218 winrate=84% pnl=+3043.59 PF=6.53 bankroll=3143.59
2026-10-10 12:51:15,529 INFO  STATS trades=218 winrate=84% pnl=+3043.59 PF=6.53 bankroll=3143.59
2026-10-10 12:53:20,707 INFO  STATS trades=218 winrate=84% pnl=+3043.59 PF=6.53 bankroll=3143.59
2026-10-10 12:55:33,821 INFO  STATS trades=218 winrate=84% pnl=+3043.59 PF=6.53 bankroll=3143.59
2026-10-10 12:57:34,824 INFO  STATS trades=218 winrate=84% pnl=+3043.59 PF=6.53 bankroll=3143.59
2026-10-10 12:59:35,732 INFO  STATS trades=218 winrate=84% pnl=+3043.59 PF=6.53 bankroll=3143.59
2026-10-10 13:01:36,889 INFO  STATS trades=218 winrate=84% pnl=+3043.59 PF=6.53 bankroll=3143.59
2026-10-10 13:03:44,886 INFO  STATS trades=218 winrate=84% pnl=+3043.59 PF=6.53 bankroll=3143.59
2026-10-10 13:05:55,029 INFO  STATS trades=218 winrate=84% pnl=+3043.59 PF=6.53 bankroll=3143.59
2026-10-10 13:07:57,703 INFO  STATS trades=218 winrate=84% pnl=+3043.59 PF=6.53 bankroll=3143.59
2026-10-10 13:10:14,011 INFO  STATS trades=218 winrate=84% pnl=+3043.59 PF=6.53 bankroll=3143.59
2026-10-10 13:12:24,337 INFO  STATS trades=218 winrate=84% pnl=+3043.59 PF=6.53 bankroll=3143.59
2026-10-10 13:14:50,487 INFO  STATS trades=218 winrate=84% pnl=+3043.59 PF=6.53 bankroll=3143.59
2026-10-10 13:16:51,389 INFO  STATS trades=218 winrate=84% pnl=+3043.59 PF=6.53 bankroll=3143.59
2026-10-10 13:18:53,404 INFO  STATS trades=218 winrate=84% pnl=+3043.59 PF=6.53 bankroll=3143.59
2026-10-10 13:20:58,358 INFO  STATS trades=218 winrate=84% pnl=+3043.59 PF=6.53 bankroll=3143.59
2026-10-10 13:22:59,478 INFO  STATS trades=218 winrate=84% pnl=+3043.59 PF=6.53 bankroll=3143.59
2026-10-10 13:25:05,497 INFO  STATS trades=218 winrate=84% pnl=+3043.59 PF=6.53 bankroll=3143.59
2026-10-10 13:27:06,337 INFO  STATS trades=218 winrate=84% pnl=+3043.59 PF=6.53 bankroll=3143.59
2026-10-10 13:29:07,185 INFO  STATS trades=218 winrate=84% pnl=+3043.59 PF=6.53 bankroll=3143.59
2026-10-10 13:31:08,023 INFO  STATS trades=218 winrate=84% pnl=+3043.59 PF=6.53 bankroll=3143.59
2026-10-10 13:33:08,942 INFO  STATS trades=218 winrate=84% pnl=+3043.59 PF=6.53 bankroll=3143.59
2026-10-10 13:35:15,126 INFO  STATS trades=218 winrate=84% pnl=+3043.59 PF=6.53 bankroll=3143.59
2026-10-10 13:37:16,083 INFO  STATS trades=218 winrate=84% pnl=+3043.59 PF=6.53 bankroll=3143.59
2026-10-10 13:39:33,371 INFO  STATS trades=218 winrate=84% pnl=+3043.59 PF=6.53 bankroll=3143.59
2026-10-10 13:41:36,946 INFO  STATS trades=218 winrate=84% pnl=+3043.59 PF=6.53 bankroll=3143.59
2026-10-10 13:44:01,680 INFO  STATS trades=218 winrate=84% pnl=+3043.59 PF=6.53 bankroll=3143.59
2026-10-10 13:46:08,295 INFO  STATS trades=218 winrate=84% pnl=+3043.59 PF=6.53 bankroll=3143.59
2026-10-10 13:48:09,060 INFO  STATS trades=218 winrate=84% pnl=+3043.59 PF=6.53 bankroll=3143.59
2026-10-10 13:50:09,904 INFO  STATS trades=218 winrate=84% pnl=+3043.59 PF=6.53 bankroll=3143.59
2026-10-10 13:52:11,033 INFO  STATS trades=218 winrate=84% pnl=+3043.59 PF=6.53 bankroll=3143.59
2026-10-10 13:54:16,120 INFO  STATS trades=218 winrate=84% pnl=+3043.59 PF=6.53 bankroll=3143.59
2026-10-10 13:56:18,974 INFO  STATS trades=218 winrate=84% pnl=+3043.59 PF=6.53 bankroll=3143.59
2026-10-10 13:58:20,183 INFO  STATS trades=218 winrate=84% pnl=+3043.59 PF=6.53 bankroll=3143.59
2026-10-10 14:00:21,080 INFO  STATS trades=218 winrate=84% pnl=+3043.59 PF=6.53 bankroll=3143.59
2026-10-10 14:02:22,159 INFO  STATS trades=218 winrate=84% pnl=+3043.59 PF=6.53 bankroll=3143.59
2026-10-10 14:04:31,139 INFO  STATS trades=218 winrate=84% pnl=+3043.59 PF=6.53 bankroll=3143.59
2026-10-10 14:06:31,980 INFO  STATS trades=218 winrate=84% pnl=+3043.59 PF=6.53 bankroll=3143.59
2026-10-10 14:08:33,124 INFO  STATS trades=218 winrate=84% pnl=+3043.59 PF=6.53 bankroll=3143.59
2026-10-10 14:10:39,500 INFO  STATS trades=218 winrate=84% pnl=+3043.59 PF=6.53 bankroll=3143.59
2026-10-10 14:12:40,242 INFO  STATS trades=218 winrate=84% pnl=+3043.59 PF=6.53 bankroll=3143.59
2026-10-10 14:14:41,168 INFO  STATS trades=218 winrate=84% pnl=+3043.59 PF=6.53 bankroll=3143.59
2026-10-10 14:16:42,066 INFO  STATS trades=218 winrate=84% pnl=+3043.59 PF=6.53 bankroll=3143.59
2026-10-10 14:18:51,966 INFO  STATS trades=218 winrate=84% pnl=+3043.59 PF=6.53 bankroll=3143.59
2026-10-10 14:21:00,737 INFO  STATS trades=218 winrate=84% pnl=+3043.59 PF=6.53 bankroll=3143.59
2026-10-10 14:23:01,871 INFO  STATS trades=218 winrate=84% pnl=+3043.59 PF=6.53 bankroll=3143.59
2026-10-10 14:25:08,187 INFO  STATS trades=218 winrate=84% pnl=+3043.59 PF=6.53 bankroll=3143.59
2026-10-10 14:27:09,024 INFO  STATS trades=218 winrate=84% pnl=+3043.59 PF=6.53 bankroll=3143.59
2026-10-10 14:29:09,645 INFO  STATS trades=218 winrate=84% pnl=+3043.59 PF=6.53 bankroll=3143.59
2026-10-10 14:31:10,519 INFO  STATS trades=218 winrate=84% pnl=+3043.59 PF=6.53 bankroll=3143.59
2026-10-10 14:33:11,504 INFO  STATS trades=218 winrate=84% pnl=+3043.59 PF=6.53 bankroll=3143.59
2026-10-10 14:35:17,833 INFO  STATS trades=218 winrate=84% pnl=+3043.59 PF=6.53 bankroll=3143.59
2026-10-10 14:37:18,642 INFO  STATS trades=218 winrate=84% pnl=+3043.59 PF=6.53 bankroll=3143.59
2026-10-10 14:39:31,053 INFO  STATS trades=218 winrate=84% pnl=+3043.59 PF=6.53 bankroll=3143.59
2026-10-10 14:41:40,401 INFO  STATS trades=218 winrate=84% pnl=+3043.59 PF=6.53 bankroll=3143.59
2026-10-10 14:44:31,409 INFO  STATS trades=218 winrate=84% pnl=+3043.59 PF=6.53 bankroll=3143.59
2026-10-10 14:46:32,097 INFO  STATS trades=218 winrate=84% pnl=+3043.59 PF=6.53 bankroll=3143.59
2026-10-10 14:48:39,865 INFO  STATS trades=218 winrate=84% pnl=+3043.59 PF=6.53 bankroll=3143.59
2026-10-10 14:50:51,261 INFO  STATS trades=218 winrate=84% pnl=+3043.59 PF=6.53 bankroll=3143.59
2026-10-10 14:52:52,116 INFO  STATS trades=218 winrate=84% pnl=+3043.59 PF=6.53 bankroll=3143.59
2026-10-10 14:54:52,900 INFO  STATS trades=218 winrate=84% pnl=+3043.59 PF=6.53 bankroll=3143.59
2026-10-10 14:56:53,819 INFO  STATS trades=218 winrate=84% pnl=+3043.59 PF=6.53 bankroll=3143.59
2026-10-10 14:58:54,674 INFO  STATS trades=218 winrate=84% pnl=+3043.59 PF=6.53 bankroll=3143.59
2026-10-10 15:00:55,554 INFO  STATS trades=218 winrate=84% pnl=+3043.59 PF=6.53 bankroll=3143.59
2026-10-10 15:02:56,772 INFO  STATS trades=218 winrate=84% pnl=+3043.59 PF=6.53 bankroll=3143.59
2026-10-10 15:05:04,322 INFO  STATS trades=218 winrate=84% pnl=+3043.59 PF=6.53 bankroll=3143.59
2026-10-10 15:07:05,274 INFO  STATS trades=218 winrate=84% pnl=+3043.59 PF=6.53 bankroll=3143.59
2026-10-10 15:09:11,394 INFO  STATS trades=218 winrate=84% pnl=+3043.59 PF=6.53 bankroll=3143.59
2026-10-10 15:11:14,268 INFO  STATS trades=218 winrate=84% pnl=+3043.59 PF=6.53 bankroll=3143.59
2026-10-10 15:13:15,020 INFO  STATS trades=218 winrate=84% pnl=+3043.59 PF=6.53 bankroll=3143.59
2026-10-10 15:15:15,926 INFO  STATS trades=218 winrate=84% pnl=+3043.59 PF=6.53 bankroll=3143.59
2026-10-10 15:17:16,893 INFO  STATS trades=218 winrate=84% pnl=+3043.59 PF=6.53 bankroll=3143.59
2026-10-10 15:19:22,388 INFO  STATS trades=218 winrate=84% pnl=+3043.59 PF=6.53 bankroll=3143.59
2026-10-10 15:21:24,067 INFO  STATS trades=218 winrate=84% pnl=+3043.59 PF=6.53 bankroll=3143.59
2026-10-10 15:23:25,106 INFO  STATS trades=218 winrate=84% pnl=+3043.59 PF=6.53 bankroll=3143.59
2026-10-10 15:25:31,439 INFO  STATS trades=218 winrate=84% pnl=+3043.59 PF=6.53 bankroll=3143.59
2026-10-10 15:27:32,270 INFO  STATS trades=218 winrate=84% pnl=+3043.59 PF=6.53 bankroll=3143.59
2026-10-10 15:29:32,988 INFO  STATS trades=218 winrate=84% pnl=+3043.59 PF=6.53 bankroll=3143.59
2026-10-10 15:31:33,968 INFO  STATS trades=218 winrate=84% pnl=+3043.59 PF=6.53 bankroll=3143.59
2026-10-10 15:33:35,203 INFO  STATS trades=218 winrate=84% pnl=+3043.59 PF=6.53 bankroll=3143.59
2026-10-10 15:35:41,598 INFO  STATS trades=218 winrate=84% pnl=+3043.59 PF=6.53 bankroll=3143.59
2026-10-10 15:37:42,663 INFO  STATS trades=218 winrate=84% pnl=+3043.59 PF=6.53 bankroll=3143.59
2026-10-10 15:39:49,333 INFO  STATS trades=218 winrate=84% pnl=+3043.59 PF=6.53 bankroll=3143.59
2026-10-10 15:41:55,512 INFO  STATS trades=218 winrate=84% pnl=+3043.59 PF=6.53 bankroll=3143.59
2026-10-10 15:44:24,202 INFO  STATS trades=218 winrate=84% pnl=+3043.59 PF=6.53 bankroll=3143.59
2026-10-10 15:46:26,318 INFO  STATS trades=218 winrate=84% pnl=+3043.59 PF=6.53 bankroll=3143.59
2026-10-10 15:48:31,957 INFO  STATS trades=218 winrate=84% pnl=+3043.59 PF=6.53 bankroll=3143.59
2026-10-10 15:50:42,577 INFO  STATS trades=218 winrate=84% pnl=+3043.59 PF=6.53 bankroll=3143.59
2026-10-10 15:52:43,563 INFO  STATS trades=218 winrate=84% pnl=+3043.59 PF=6.53 bankroll=3143.59
2026-10-10 15:55:01,660 INFO  STATS trades=218 winrate=84% pnl=+3043.59 PF=6.53 bankroll=3143.59
2026-10-10 15:57:02,531 INFO  STATS trades=218 winrate=84% pnl=+3043.59 PF=6.53 bankroll=3143.59
2026-10-10 15:59:03,473 INFO  STATS trades=218 winrate=84% pnl=+3043.59 PF=6.53 bankroll=3143.59
2026-10-10 16:01:04,414 INFO  STATS trades=218 winrate=84% pnl=+3043.59 PF=6.53 bankroll=3143.59
2026-10-10 16:03:08,148 INFO  STATS trades=218 winrate=84% pnl=+3043.59 PF=6.53 bankroll=3143.59
2026-10-10 16:05:23,089 INFO  STATS trades=218 winrate=84% pnl=+3043.59 PF=6.53 bankroll=3143.59
2026-10-10 16:07:23,931 INFO  STATS trades=218 winrate=84% pnl=+3043.59 PF=6.53 bankroll=3143.59
2026-10-10 16:09:36,206 INFO  STATS trades=218 winrate=84% pnl=+3043.59 PF=6.53 bankroll=3143.59
2026-10-10 16:11:37,082 INFO  STATS trades=218 winrate=84% pnl=+3043.59 PF=6.53 bankroll=3143.59
2026-10-10 16:13:37,898 INFO  STATS trades=218 winrate=84% pnl=+3043.59 PF=6.53 bankroll=3143.59
2026-10-10 16:15:38,838 INFO  STATS trades=218 winrate=84% pnl=+3043.59 PF=6.53 bankroll=3143.59
2026-10-10 16:17:39,841 INFO  STATS trades=218 winrate=84% pnl=+3043.59 PF=6.53 bankroll=3143.59
2026-10-10 16:19:57,754 INFO  STATS trades=218 winrate=84% pnl=+3043.59 PF=6.53 bankroll=3143.59
2026-10-10 16:21:58,727 INFO  STATS trades=218 winrate=84% pnl=+3043.59 PF=6.53 bankroll=3143.59
2026-10-10 16:24:14,068 INFO  STATS trades=218 winrate=84% pnl=+3043.59 PF=6.53 bankroll=3143.59
2026-10-10 16:26:18,313 INFO  STATS trades=218 winrate=84% pnl=+3043.59 PF=6.53 bankroll=3143.59
2026-10-10 16:28:19,328 INFO  STATS trades=218 winrate=84% pnl=+3043.59 PF=6.53 bankroll=3143.59
2026-10-10 16:30:20,192 INFO  STATS trades=218 winrate=84% pnl=+3043.59 PF=6.53 bankroll=3143.59
2026-10-10 16:32:21,129 INFO  STATS trades=218 winrate=84% pnl=+3043.59 PF=6.53 bankroll=3143.59
2026-10-10 16:34:39,270 INFO  STATS trades=218 winrate=84% pnl=+3043.59 PF=6.53 bankroll=3143.59
2026-10-10 16:36:40,107 INFO  STATS trades=218 winrate=84% pnl=+3043.59 PF=6.53 bankroll=3143.59
2026-10-10 16:38:41,302 INFO  STATS trades=218 winrate=84% pnl=+3043.59 PF=6.53 bankroll=3143.59
2026-10-10 16:40:47,880 INFO  STATS trades=218 winrate=84% pnl=+3043.59 PF=6.53 bankroll=3143.59
2026-10-10 16:42:48,725 INFO  STATS trades=218 winrate=84% pnl=+3043.59 PF=6.53 bankroll=3143.59
2026-10-10 16:44:49,899 INFO  STATS trades=218 winrate=84% pnl=+3043.59 PF=6.53 bankroll=3143.59
2026-10-10 16:46:50,737 INFO  STATS trades=218 winrate=84% pnl=+3043.59 PF=6.53 bankroll=3143.59
2026-10-10 16:49:02,808 INFO  STATS trades=218 winrate=84% pnl=+3043.59 PF=6.53 bankroll=3143.59
2026-10-10 16:51:09,412 INFO  STATS trades=218 winrate=84% pnl=+3043.59 PF=6.53 bankroll=3143.59
2026-10-10 16:53:13,713 INFO  STATS trades=218 winrate=84% pnl=+3043.59 PF=6.53 bankroll=3143.59
2026-10-10 16:55:27,859 INFO  STATS trades=218 winrate=84% pnl=+3043.59 PF=6.53 bankroll=3143.59
2026-10-10 16:57:29,149 INFO  STATS trades=218 winrate=84% pnl=+3043.59 PF=6.53 bankroll=3143.59
2026-10-10 16:59:30,010 INFO  STATS trades=218 winrate=84% pnl=+3043.59 PF=6.53 bankroll=3143.59
2026-10-10 17:01:30,970 INFO  STATS trades=218 winrate=84% pnl=+3043.59 PF=6.53 bankroll=3143.59
2026-10-10 17:03:39,003 INFO  STATS trades=218 winrate=84% pnl=+3043.59 PF=6.53 bankroll=3143.59
2026-10-10 17:05:51,327 INFO  STATS trades=218 winrate=84% pnl=+3043.59 PF=6.53 bankroll=3143.59
2026-10-10 17:07:53,194 INFO  STATS trades=218 winrate=84% pnl=+3043.59 PF=6.53 bankroll=3143.59
2026-10-10 17:10:09,954 INFO  STATS trades=218 winrate=84% pnl=+3043.59 PF=6.53 bankroll=3143.59
2026-10-10 17:12:19,070 INFO  STATS trades=218 winrate=84% pnl=+3043.59 PF=6.53 bankroll=3143.59
2026-10-10 17:14:35,833 INFO  STATS trades=218 winrate=84% pnl=+3043.59 PF=6.53 bankroll=3143.59
2026-10-10 17:16:36,833 INFO  STATS trades=218 winrate=84% pnl=+3043.59 PF=6.53 bankroll=3143.59
